age,race,gender,faminc_youth,pov_youth,wages,wages_sp,faminc,pov,edu,trt,incarc,id,hs,college,total_wages
19,2,2,,,,,,,14,0,0,"NLS79_1001",1,0,
16,2,1,,,0,,0,1,12,0,1,"NLS79_1002",1,0,0
18,1,2,37900,0,45000,,52272,0,12,0,0,"NLS79_10024",1,0,45000
19,1,1,5000,1,0,,0,1,12,0,1,"NLS79_10030",1,0,0
21,2,2,3124,1,0,,0,1,12,0,0,"NLS79_10111",1,0,0
21,2,2,11000,0,25000,,25000,0,14,0,0,"NLS79_10125",1,0,25000
14,2,1,7300,1,0,25000,40600,0,12,1,0,"NLS79_10133",1,0,25000
21,2,2,16500,0,38000,10000,61200,0,12,1,0,"NLS79_10164",1,0,48000
19,2,1,16000,0,0,1100,25568,1,12,0,0,"NLS79_10165",1,0,1100
19,2,2,,,0,,0,1,11,0,0,"NLS79_10184",0,,0
16,2,1,,,11800,,14000,0,14,0,0,"NLS79_10186",1,0,11800
15,2,1,,,28000,,28000,0,11,0,0,"NLS79_10187",0,,28000
21,2,2,3000,1,0,,,,,0,0,"NLS79_10188",1,1,0
14,2,1,,,0,,,,,1,0,"NLS79_10189",1,1,0
16,2,1,5000,1,15000,,15000,0,9,0,0,"NLS79_10200",0,,15000
18,2,1,5000,1,0,0,5712,1,10,1,0,"NLS79_10201",0,,0
17,2,1,,,0,,,,,1,0,"NLS79_10205",1,1,0
20,1,2,2100,1,16100,75000,,,16,0,0,"NLS79_10226",1,1,91100
14,2,2,6000,1,56000,,56000,0,12,1,0,"NLS79_10238",1,0,56000
19,2,1,3280,0,0,,,,,0,1,"NLS79_10239",1,1,0
21,2,2,,,0,,,,,0,0,"NLS79_1025",1,1,0
14,1,1,6600,0,65000,0,92600,0,17,1,0,"NLS79_10307",1,1,65000
18,2,1,3079,1,0,,,,,1,1,"NLS79_10316",1,1,0
20,2,1,3816,1,7000,,7000,1,12,0,1,"NLS79_10318",1,0,7000
17,1,2,4848,1,0,,,,,0,0,"NLS79_10358",1,1,0
20,1,2,6000,0,21000,30000,,,14,0,0,"NLS79_10360",1,0,51000
19,2,2,,,0,,,,,1,0,"NLS79_10373",1,1,0
18,1,1,4400,0,31000,,31000,0,12,0,1,"NLS79_10493",1,0,31000
17,4,2,10000,0,0,272295,497763,0,16,0,0,"NLS79_1050",1,1,272295
18,2,2,,,450,,850,1,18,1,0,"NLS79_10549",1,1,450
21,1,2,,,30000,,30000,0,14,0,0,"NLS79_10565",1,0,30000
19,2,2,,,21000,,21000,1,12,0,0,"NLS79_10579",1,0,21000
19,2,1,,,20000,,20000,0,12,0,0,"NLS79_10580",1,0,20000
20,4,1,10300,0,0,,,,,0,0,"NLS79_1062",1,1,0
21,4,2,20000,0,0,,,,,0,0,"NLS79_1069",1,1,0
18,4,1,2330,1,32000,,32000,0,13,1,0,"NLS79_10722",1,0,32000
21,4,1,,,0,54000,64320,0,12,0,0,"NLS79_10725",1,0,54000
19,2,1,5426,0,10000,,,,12,0,0,"NLS79_10740",1,0,10000
19,2,2,14000,0,83000,,83000,0,16,0,0,"NLS79_1078",1,1,83000
18,2,2,14000,0,43000,,43000,0,14,0,0,"NLS79_1079",1,0,43000
20,2,1,7000,0,0,,19800,0,14,0,0,"NLS79_10799",1,0,0
19,4,2,5200,0,61234,,74158,0,12,0,0,"NLS79_10811",1,0,61234
19,2,1,3046,1,75000,19000,128600,0,13,1,0,"NLS79_10844",1,0,94000
20,2,1,5820,0,40000,,40000,0,14,0,0,"NLS79_10855",1,0,40000
21,2,1,15200,0,48000,0,60200,0,13,1,0,"NLS79_10893",1,0,48000
16,4,1,17000,0,32000,,32000,0,12,0,0,"NLS79_1092",1,0,32000
20,4,1,,,0,,,,,0,0,"NLS79_1094",1,1,0
21,4,1,16500,0,110000,100000,230000,0,12,0,0,"NLS79_11015",1,0,210000
22,2,1,6200,0,68000,55000,126000,0,16,0,0,"NLS79_11044",1,1,123000
22,2,1,,,0,,21564,0,14,0,0,"NLS79_11070",1,0,0
22,2,1,6800,0,0,31000,113288,0,16,0,0,"NLS79_11071",1,1,31000
21,2,1,5400,0,15000,,15000,0,12,0,1,"NLS79_11082",1,0,15000
19,4,1,5760,0,40000,,40000,0,12,1,0,"NLS79_11185",1,0,40000
18,4,1,5000,0,29000,40000,69000,0,12,0,0,"NLS79_11247",1,0,69000
19,2,1,2765,1,67000,,89020,0,14,0,0,"NLS79_11274",1,0,67000
18,2,1,6238,0,43000,63000,135584,0,16,0,0,"NLS79_11325",1,1,106000
20,2,2,16000,0,0,,,,,0,0,"NLS79_1154",1,1,0
17,2,2,16000,0,68000,,,,16,0,0,"NLS79_1155",1,1,68000
20,1,1,6590,0,74000,,74000,0,14,1,0,"NLS79_11594",1,0,74000
21,2,1,5000,0,0,,,,,0,0,"NLS79_11623",1,1,0
20,4,1,,,32000,0,32000,0,12,0,0,"NLS79_11656",1,0,32000
20,2,1,5500,0,25000,40000,65000,0,12,0,0,"NLS79_11658",1,0,65000
20,4,1,6000,0,,0,,,12,0,0,"NLS79_11669",1,0,0
22,2,1,5300,0,0,,,,13,0,1,"NLS79_11696",1,0,0
20,1,1,5845,0,343830,34000,497763,0,14,0,0,"NLS79_11738",1,0,377830
21,2,1,11000,0,15000,0,22540,1,11,0,1,"NLS79_11762",0,,15000
17,2,1,11000,0,0,,,,,0,0,"NLS79_11763",1,1,0
18,2,2,3433,1,24000,,,,12,0,0,"NLS79_11802",1,0,24000
19,4,2,30000,0,0,,8376,1,12,0,0,"NLS79_11812",1,0,0
18,4,2,31000,0,20000,45000,125184,0,12,1,0,"NLS79_11813",1,0,65000
21,4,1,6000,0,0,,,,,0,0,"NLS79_11817",1,1,0
20,1,2,19000,0,60000,,60000,0,15,0,0,"NLS79_11831",1,0,60000
17,1,1,8000,0,0,,,,16,0,0,"NLS79_11844",1,1,0
18,1,2,10000,0,43000,,54040,0,14,0,0,"NLS79_11845",1,0,43000
16,1,1,10000,0,65000,,68516,0,12,0,0,"NLS79_11846",1,0,65000
20,2,2,10238,1,62000,0,97100,0,18,0,0,"NLS79_1189",1,1,62000
18,4,1,5000,1,55000,,57300,0,12,0,0,"NLS79_11908",1,0,55000
16,4,2,5000,1,0,,18588,0,12,0,0,"NLS79_11909",1,0,0
18,2,2,10238,1,43000,20000,63000,0,16,0,0,"NLS79_1191",1,1,63000
17,4,2,,,0,,,,,0,0,"NLS79_11927",1,1,0
15,4,1,7000,0,63190,41280,104490,0,12,0,0,"NLS79_11942",1,0,104470
21,4,1,20000,0,0,,,,,0,0,"NLS79_11973",1,1,0
19,4,2,,,27227,7296,34523,0,16,0,0,"NLS79_11987",1,1,34523
17,2,2,11000,0,38000,,49523,0,12,0,0,"NLS79_11993",1,0,38000
18,4,2,10700,0,0,,4865,1,16,0,0,"NLS79_1200",1,1,0
16,2,1,,,40000,,40000,0,12,0,0,"NLS79_12007",1,0,40000
21,4,1,60000,0,343830,,219000,0,16,0,0,"NLS79_12016",1,1,343830
22,4,2,,,0,,,,,0,0,"NLS79_12017",1,1,0
20,2,2,25000,0,0,,,,,0,0,"NLS79_12052",1,1,0
19,4,1,17000,0,0,,,,,1,0,"NLS79_12056",1,1,0
18,4,2,6000,0,38000,94000,132000,0,15,0,0,"NLS79_12070",1,0,132000
20,4,1,5088,0,70000,0,70000,0,12,0,0,"NLS79_12080",1,0,70000
18,4,2,,,0,40000,48880,0,12,1,0,"NLS79_12085",1,0,40000
18,2,2,3600,1,20000,30000,64400,0,12,0,0,"NLS79_1216",1,0,50000
14,2,1,3600,1,0,,,,,0,0,"NLS79_1218",1,1,0
21,2,2,4280,0,,,,,15,0,0,"NLS79_12193",1,0,
16,1,1,300,1,0,,40000,0,10,1,0,"NLS79_12204",0,,0
20,1,1,300,1,33000,,48000,0,5,0,0,"NLS79_12205",0,,33000
17,1,1,25000,0,343830,0,200000,0,18,0,0,"NLS79_12206",1,1,343830
16,2,2,2455,1,13000,,,,14,0,0,"NLS79_12240",1,0,13000
20,2,2,,,23000,0,,,12,0,0,"NLS79_12241",1,0,23000
21,4,2,26928,0,0,,10859,1,12,0,0,"NLS79_1225",1,0,0
20,2,2,5000,1,7000,,7000,1,11,0,0,"NLS79_1227",0,,7000
21,2,1,20000,0,0,,,,12,0,0,"NLS79_12280",1,0,0
21,4,1,13000,0,0,,,,,0,0,"NLS79_1232",1,1,0
18,4,2,,,250,,12250,1,15,0,0,"NLS79_124",1,0,250
22,4,1,30000,0,0,,,,,0,0,"NLS79_125",1,1,0
16,4,1,9056,0,60097,30000,90097,0,13,1,0,"NLS79_1256",1,0,90097
20,4,1,30000,0,65000,,,,14,1,0,"NLS79_126",1,0,65000
20,1,2,4500,0,18000,,19328,0,14,1,0,"NLS79_12667",1,0,18000
20,2,2,10232,0,32000,,32000,0,14,1,0,"NLS79_1290",1,0,32000
17,2,2,,,0,,0,1,12,0,0,"NLS79_1308",1,0,0
19,4,1,11000,0,38000,,38000,0,13,0,0,"NLS79_1338",1,0,38000
20,4,2,8486,0,,,,,12,1,0,"NLS79_1341",1,0,
20,4,1,,,40000,65000,114228,0,16,0,0,"NLS79_1363",1,1,105000
20,2,2,6240,1,0,,11303,1,17,0,0,"NLS79_1376",1,1,0
18,2,2,6240,1,6000,,6645,1,16,1,0,"NLS79_1377",1,1,6000
17,2,2,6240,1,58000,,58000,0,15,1,0,"NLS79_1378",1,0,58000
20,2,2,10000,0,0,,15780,0,15,0,0,"NLS79_1382",1,0,0
19,4,2,3500,1,10000,10000,20000,0,16,0,0,"NLS79_1398",1,1,20000
18,1,2,3076,1,0,0,10800,1,8,0,0,"NLS79_1401",0,,0
19,4,1,17000,0,62000,,,,12,0,0,"NLS79_142",1,0,62000
20,4,2,,,48000,0,62400,0,12,0,0,"NLS79_1423",1,0,48000
14,4,2,17000,0,14625,0,44025,0,12,0,0,"NLS79_144",1,0,14625
15,4,2,10404,0,60000,,60150,0,14,0,0,"NLS79_1459",1,0,60000
21,4,2,11137,0,24161,49450,73611,0,12,0,0,"NLS79_1469",1,0,73611
21,4,1,7600,0,60000,0,60000,0,8,0,1,"NLS79_1471",0,,60000
20,2,2,3072,1,35000,,35000,0,14,0,0,"NLS79_1482",1,0,35000
14,2,2,561,1,12038,,23102,0,12,0,0,"NLS79_1483",1,0,12038
21,2,1,,,0,,30000,0,11,0,1,"NLS79_1485",0,,0
20,2,1,,,0,,0,1,12,0,0,"NLS79_1488",1,0,0
21,4,1,,,343830,0,210000,0,18,0,0,"NLS79_1504",1,1,343830
20,4,1,,,50000,58000,108000,0,15,0,0,"NLS79_1505",1,0,108000
18,4,2,14200,0,21000,31000,52000,0,12,0,0,"NLS79_1525",1,0,52000
21,4,1,,,0,,,,,0,0,"NLS79_1526",1,1,0
20,4,2,8075,0,0,,,,,0,0,"NLS79_1608",1,1,0
22,4,2,9600,0,0,70000,126400,0,12,0,0,"NLS79_1609",1,0,70000
21,4,2,6085,0,63200,,64078,0,12,0,0,"NLS79_1640",1,0,63200
18,4,2,6200,0,1300,,1729,1,9,0,0,"NLS79_1647",0,,1300
17,4,2,6200,1,45600,,45600,0,9,0,0,"NLS79_1648",0,,45600
21,4,2,,,42000,20000,162000,0,12,0,0,"NLS79_1683",1,0,62000
22,4,1,15000,0,60000,,60000,0,13,0,0,"NLS79_17",1,0,60000
22,4,2,,,0,,,,,0,0,"NLS79_170",1,1,0
21,2,2,200,1,0,,9624,1,12,0,0,"NLS79_1714",1,0,0
21,4,2,3162,0,0,,11220,1,9,0,0,"NLS79_172",0,,0
18,4,2,14000,0,0,,,,,0,0,"NLS79_1732",1,1,0
17,4,2,14000,0,343830,0,497763,0,16,0,0,"NLS79_1733",1,1,343830
16,4,2,,,40000,0,115000,0,17,0,0,"NLS79_1734",1,1,40000
17,1,1,17596,0,71000,69000,140000,0,16,0,0,"NLS79_1763",1,1,140000
15,4,2,19000,0,,,,,11,0,0,"NLS79_1770",0,,
15,4,1,3360,1,0,,9960,1,12,0,1,"NLS79_1772",1,0,0
16,4,2,10000,0,2000,30000,47399,0,17,0,0,"NLS79_1787",1,1,32000
21,4,1,4510,0,150000,,150000,0,13,0,0,"NLS79_18",1,0,150000
20,4,1,12000,0,85000,13000,98000,0,12,0,0,"NLS79_181",1,0,98000
14,1,1,,,0,,0,1,12,1,1,"NLS79_1817",1,0,0
15,1,1,10000,0,0,,950,1,11,0,1,"NLS79_1822",0,,0
14,1,1,10000,0,0,,10032,1,12,1,0,"NLS79_1823",1,0,0
16,4,1,4582,1,,,,,12,0,0,"NLS79_1827",1,0,
15,4,2,4582,1,0,31000,34450,0,12,0,0,"NLS79_1828",1,0,31000
19,4,2,19784,0,25000,28000,54800,0,12,0,0,"NLS79_1863",1,0,53000
18,4,2,3700,0,36000,56000,92000,0,12,0,0,"NLS79_1865",1,0,92000
20,4,2,20000,0,0,36000,36000,0,12,0,0,"NLS79_1871",1,0,36000
19,4,1,23496,0,3200,,64582,0,12,0,0,"NLS79_1872",1,0,3200
15,4,1,23496,0,24000,,,,12,0,0,"NLS79_1873",1,0,24000
20,4,2,17530,0,15000,0,65400,0,12,0,0,"NLS79_1878",1,0,15000
18,4,1,10000,1,25000,,50000,0,12,1,0,"NLS79_1887",1,0,25000
17,4,2,10000,1,,,,,12,1,0,"NLS79_1888",1,0,
16,4,1,10000,1,56325,0,56325,0,13,1,0,"NLS79_1889",1,0,56325
15,4,1,10000,1,39000,0,39000,0,12,1,0,"NLS79_1890",1,0,39000
21,4,2,,,0,,,,8,0,0,"NLS79_1928",0,,0
21,4,2,,,0,,0,1,12,1,0,"NLS79_1940",1,0,0
21,4,2,10000,0,0,,,,,0,0,"NLS79_1949",1,1,0
17,4,1,10000,0,54000,,,,16,0,0,"NLS79_1950",1,1,54000
14,2,2,,,38000,,,,16,1,0,"NLS79_1972",1,1,38000
21,4,1,,,102000,0,106500,0,14,0,0,"NLS79_1979",1,0,102000
19,4,2,12262,0,0,90000,90000,0,12,0,0,"NLS79_1980",1,0,90000
20,4,2,20000,0,19000,0,43000,0,12,0,0,"NLS79_2",1,0,19000
20,4,2,6958,0,0,6000,15300,0,19,1,0,"NLS79_2027",1,1,6000
20,4,2,,,0,,10800,1,7,0,0,"NLS79_2054",0,,0
21,4,2,20000,0,30000,,30030,0,16,0,0,"NLS79_2083",1,1,30000
21,4,2,,,30000,60000,90000,0,12,0,0,"NLS79_2112",1,0,90000
21,4,2,7929,0,33000,55000,97460,0,16,0,0,"NLS79_2119",1,1,88000
18,4,2,4500,1,52000,,52000,0,17,1,0,"NLS79_2126",1,1,52000
17,4,1,4500,1,38000,21000,59000,0,12,1,0,"NLS79_2127",1,0,59000
15,4,2,4500,1,0,,9972,1,12,1,0,"NLS79_2128",1,0,0
19,4,1,9000,0,6000,,28704,0,16,1,0,"NLS79_2144",1,1,6000
21,4,1,9996,0,26000,6800,32811,0,12,0,0,"NLS79_2157",1,0,32800
20,2,1,7200,0,95000,,100000,0,16,0,0,"NLS79_2159",1,1,95000
21,4,1,15000,0,343830,15000,497763,0,16,0,0,"NLS79_218",1,1,358830
17,4,1,10272,0,0,,,,,1,0,"NLS79_2182",1,1,0
21,4,1,9680,0,0,,,,8,1,0,"NLS79_2192",0,,0
16,4,2,,,0,,,,,0,0,"NLS79_2206",1,1,0
15,4,1,8000,0,35000,,50000,0,14,1,0,"NLS79_2207",1,0,35000
18,4,1,13900,0,40000,25000,65000,0,12,0,0,"NLS79_2216",1,0,65000
18,4,2,,,64000,,71800,0,16,0,0,"NLS79_2245",1,1,64000
17,2,2,7000,1,10000,0,26800,0,12,0,0,"NLS79_2251",1,0,10000
18,2,2,6668,1,0,,1200,1,10,0,0,"NLS79_2252",0,,0
15,2,2,7000,1,0,,8376,1,7,1,0,"NLS79_2253",0,,0
21,2,2,,,,,,,12,0,0,"NLS79_2262",1,0,
21,2,2,5184,0,26000,,32772,0,12,0,0,"NLS79_227",1,0,26000
21,4,2,12701,0,0,0,22800,0,12,0,0,"NLS79_2281",1,0,0
18,4,2,7000,0,42000,,42000,0,13,1,0,"NLS79_2284",1,0,42000
19,4,2,10000,0,100000,,100000,0,16,0,0,"NLS79_2298",1,1,100000
19,4,1,11000,0,25000,0,25000,0,12,0,0,"NLS79_2318",1,0,25000
22,4,2,8000,1,35000,60000,95000,0,13,1,0,"NLS79_2333",1,0,95000
17,4,1,5000,1,95000,,95500,0,12,0,0,"NLS79_234",1,0,95000
20,2,1,2500,1,0,,,,12,1,1,"NLS79_2363",1,0,0
19,4,1,3100,1,54000,,,,16,0,0,"NLS79_2367",1,1,54000
21,4,2,,,73000,14000,87319,0,18,1,0,"NLS79_2369",1,1,87000
20,4,2,10000,0,26700,,36300,0,14,1,0,"NLS79_2370",1,0,26700
18,4,1,10000,0,0,,,,,1,0,"NLS79_2371",1,1,0
19,4,1,6346,0,5000,,,,11,0,0,"NLS79_2403",0,,5000
22,4,2,1700,1,0,0,260000,0,12,0,0,"NLS79_2416",1,0,0
22,4,1,15308,0,0,,,,,0,0,"NLS79_2417",1,1,0
19,4,1,20000,0,35000,40000,75000,0,12,0,0,"NLS79_2421",1,0,75000
20,4,2,12000,0,93600,40000,183600,0,18,0,0,"NLS79_2442",1,1,133600
18,4,2,,,0,,,,,0,0,"NLS79_2469",1,1,0
14,4,2,4616,1,52000,,52000,0,14,0,0,"NLS79_2559",1,0,52000
18,4,2,,,80000,65000,145000,0,12,1,0,"NLS79_2605",1,0,145000
20,4,1,12000,0,110240,,,,14,0,0,"NLS79_2616",1,0,110240
19,4,2,,,0,,,,,0,0,"NLS79_2623",1,1,0
17,4,2,9000,0,27000,,28200,0,17,0,0,"NLS79_2626",1,1,27000
15,4,1,8600,0,170000,0,170000,0,17,0,0,"NLS79_2630",1,1,170000
18,4,1,5552,0,60000,5000,86000,0,12,0,0,"NLS79_2634",1,0,65000
19,4,2,6000,0,0,,,,,0,0,"NLS79_2636",1,1,0
19,4,2,10482,0,12000,,12000,0,12,1,0,"NLS79_2640",1,0,12000
19,4,1,8000,0,343830,0,241000,0,16,0,0,"NLS79_269",1,1,343830
21,1,2,4000,1,16640,,16640,0,6,0,0,"NLS79_2698",0,,16640
19,1,2,4000,1,9400,,17400,0,12,0,0,"NLS79_2699",1,0,9400
18,1,2,4000,1,0,,,,,0,0,"NLS79_2700",1,1,0
16,1,2,2500,1,111000,56000,167000,0,16,0,0,"NLS79_2701",1,1,167000
21,1,1,5300,0,115000,46000,161000,0,16,0,0,"NLS79_2702",1,1,161000
18,1,1,2500,1,110000,,110900,0,16,0,0,"NLS79_2703",1,1,110000
19,1,2,,,0,,,,,0,0,"NLS79_2704",1,1,0
22,4,2,13870,0,0,160000,160000,0,16,0,0,"NLS79_272",1,1,160000
19,4,1,13233,0,65000,35000,,,10,1,0,"NLS79_2728",0,,100000
19,4,1,13870,0,4200,9000,13200,1,15,0,0,"NLS79_273",1,0,13200
21,4,2,14600,0,48000,30000,78000,0,13,0,0,"NLS79_2742",1,0,78000
21,4,2,2052,1,0,,,,,0,0,"NLS79_2757",1,1,0
16,4,1,1552,1,0,,,,,0,0,"NLS79_2783",1,1,0
20,2,2,,,0,,12508,1,12,0,0,"NLS79_2792",1,0,0
18,2,1,5040,1,0,,,,,0,1,"NLS79_2793",1,1,0
16,2,1,5040,1,0,,,,,0,0,"NLS79_2794",1,1,0
17,2,2,5212,1,0,,0,1,12,0,0,"NLS79_2795",1,0,0
20,2,1,5212,1,25000,30000,55000,0,12,0,0,"NLS79_2797",1,0,55000
22,4,1,18000,0,100000,,100000,0,14,0,0,"NLS79_2842",1,0,100000
20,4,2,30000,0,0,,,,,1,0,"NLS79_2926",1,1,0
19,4,2,34000,0,6000,45000,55050,0,18,0,0,"NLS79_2936",1,1,51000
17,4,1,16000,0,45000,,101040,0,12,0,0,"NLS79_2977",1,0,45000
22,2,2,4128,1,0,,12000,0,16,0,0,"NLS79_3004",1,1,0
22,4,2,,,35000,,35000,0,12,0,0,"NLS79_3012",1,0,35000
18,2,1,6000,1,0,,,,,0,1,"NLS79_3032",1,1,0
21,2,1,10500,0,120000,0,120000,0,18,0,0,"NLS79_3033",1,1,120000
20,4,1,36600,0,104000,0,105000,0,12,0,0,"NLS79_3037",1,0,104000
16,1,2,2956,1,,,,,12,1,0,"NLS79_305",1,0,
16,4,1,21500,0,0,,,,,0,0,"NLS79_3056",1,1,0
19,2,2,13500,0,,,,,15,0,0,"NLS79_3069",1,0,
14,2,1,6000,1,,,,,12,0,0,"NLS79_3071",1,0,
14,4,2,10000,0,29250,0,29250,0,15,0,0,"NLS79_3107",1,0,29250
22,4,1,,,92000,26000,126065,0,12,0,0,"NLS79_3116",1,0,118000
19,4,1,8000,0,,,,,12,0,0,"NLS79_3125",1,0,
21,4,1,27500,0,32000,40000,72200,0,14,0,0,"NLS79_3232",1,0,72000
19,4,2,27500,0,30000,72000,102500,0,15,0,0,"NLS79_3234",1,0,102000
18,4,1,27500,0,20000,0,26225,0,12,0,0,"NLS79_3235",1,0,20000
19,4,1,75001,0,50000,167000,237000,0,20,0,0,"NLS79_3256",1,1,217000
20,1,2,6468,0,28000,,36855,0,14,0,0,"NLS79_3269",1,0,28000
20,4,2,11464,0,5000,108000,113010,0,16,0,0,"NLS79_3303",1,1,113000
21,2,1,36000,0,30000,,,,15,0,0,"NLS79_3307",1,0,30000
19,2,2,34500,0,0,,10356,1,14,0,0,"NLS79_3308",1,0,0
17,1,1,4932,1,0,,10520,1,12,1,1,"NLS79_331",1,0,0
19,4,1,13000,0,0,,,,9,1,0,"NLS79_3313",0,,0
21,2,2,,,29000,0,43916,0,16,0,0,"NLS79_3315",1,1,29000
19,2,2,17550,0,0,,8942,1,16,0,0,"NLS79_3316",1,1,0
18,2,2,17550,0,0,0,12816,1,12,0,0,"NLS79_3317",1,0,0
19,4,1,10060,0,0,,,,10,0,0,"NLS79_3319",0,,0
14,4,2,10060,0,25000,,25000,0,10,0,0,"NLS79_3321",0,,25000
18,4,1,,,59000,36000,95000,0,12,0,0,"NLS79_3333",1,0,95000
17,4,2,18000,0,37000,40000,84200,0,18,0,0,"NLS79_3341",1,1,77000
19,4,2,,,49000,,49000,0,18,0,0,"NLS79_3342",1,1,49000
19,4,2,32000,0,0,,,,,0,0,"NLS79_3348",1,1,0
15,4,2,32000,0,12000,36000,54228,0,14,0,0,"NLS79_3350",1,0,48000
19,2,2,28000,0,82000,,102001,0,16,1,0,"NLS79_3387",1,1,82000
20,4,1,21000,0,53000,,53000,0,13,1,0,"NLS79_34",1,0,53000
22,4,2,20000,0,95000,70000,165000,0,14,0,0,"NLS79_3419",1,0,165000
19,4,2,9300,0,0,,13560,1,12,0,0,"NLS79_3444",1,0,0
21,4,1,33040,0,50000,55000,105000,0,13,0,0,"NLS79_3494",1,0,105000
21,4,1,11050,0,0,,,,,0,0,"NLS79_3499",1,1,0
21,4,1,17000,0,0,,,,,0,0,"NLS79_3503",1,1,0
19,4,1,21975,0,0,,,,,0,0,"NLS79_353",1,1,0
22,4,2,21975,0,11000,90000,101614,0,12,0,0,"NLS79_354",1,0,101000
16,2,2,20000,0,0,,200,1,12,1,0,"NLS79_3544",1,0,0
14,4,1,21975,0,127000,20000,155000,0,13,0,0,"NLS79_355",1,0,147000
14,4,1,14000,0,54000,45000,99430,0,12,0,0,"NLS79_3561",1,0,99000
20,4,1,22000,0,1000,,7000,1,12,0,0,"NLS79_3562",1,0,1000
19,4,1,22000,0,34000,20000,54000,0,12,0,0,"NLS79_3563",1,0,54000
17,4,2,22000,0,0,0,36000,0,12,0,0,"NLS79_3564",1,0,0
20,4,2,4015,0,40000,70000,112100,0,12,0,0,"NLS79_3594",1,0,110000
18,4,1,,,80000,80000,200000,0,12,0,0,"NLS79_3595",1,0,160000
14,4,1,,,0,,,,,0,0,"NLS79_3596",1,1,0
19,4,1,7000,0,85000,60000,160000,0,12,0,0,"NLS79_3627",1,0,145000
17,4,2,9000,0,5700,45000,68700,0,14,0,0,"NLS79_3661",1,0,50700
21,4,2,5600,1,24000,,24000,0,12,1,0,"NLS79_3662",1,0,24000
21,1,1,4738,0,0,,,,,1,0,"NLS79_3664",1,1,0
21,1,1,,,55000,45000,100000,0,12,1,0,"NLS79_3702",1,0,100000
18,4,2,8500,0,0,,,,,0,0,"NLS79_3746",1,1,0
17,4,2,9540,0,44000,60000,104000,0,12,0,0,"NLS79_3754",1,0,104000
20,4,1,11000,0,85000,,85000,0,15,0,0,"NLS79_3766",1,0,85000
17,4,2,5000,1,36000,,42400,0,9,0,0,"NLS79_3767",0,,36000
21,4,2,6500,0,13000,600,62572,0,18,0,0,"NLS79_3817",1,1,13600
20,2,2,5762,1,0,,25000,0,12,0,0,"NLS79_3821",1,0,0
19,2,1,5762,1,0,,0,1,12,0,0,"NLS79_3822",1,0,0
20,2,1,30000,0,18000,,20000,0,12,0,0,"NLS79_3840",1,0,18000
20,4,1,,,0,,,,,0,0,"NLS79_3870",1,1,0
17,4,2,,,,,,,16,0,0,"NLS79_3876",1,1,
18,4,2,1200,1,21450,30000,61450,0,15,0,0,"NLS79_3877",1,0,51450
19,4,1,,,30000,,30000,0,14,0,0,"NLS79_3878",1,0,30000
15,4,2,24500,0,54000,55000,109000,0,14,0,0,"NLS79_3919",1,0,109000
18,2,2,12000,0,62000,,62000,0,12,0,0,"NLS79_3934",1,0,62000
19,2,1,5200,0,40000,76000,116000,0,15,0,0,"NLS79_3949",1,0,116000
20,2,1,11000,1,25000,,25000,0,13,0,0,"NLS79_3954",1,0,25000
16,4,1,18000,0,63000,0,63000,0,12,1,0,"NLS79_3963",1,0,63000
21,4,2,20000,0,0,85000,85000,0,16,0,0,"NLS79_3970",1,1,85000
19,4,1,6384,0,0,,15168,0,12,0,0,"NLS79_4046",1,0,0
16,4,1,6384,0,0,23000,35000,0,9,0,0,"NLS79_4047",0,,23000
19,4,1,8859,0,18000,0,18000,1,12,0,0,"NLS79_4048",1,0,18000
15,4,1,,,343830,31000,213050,0,17,0,0,"NLS79_4058",1,1,374830
15,2,1,6124,1,0,,0,1,12,0,1,"NLS79_4069",1,0,0
14,4,1,,,37000,62500,105140,0,12,1,0,"NLS79_4081",1,0,99500
18,4,1,5064,1,0,,,,,0,1,"NLS79_4082",1,1,0
17,4,1,,,40000,7000,47000,0,12,0,0,"NLS79_4117",1,0,47000
15,4,2,8600,0,65000,,69608,0,15,1,0,"NLS79_4153",1,0,65000
14,4,2,8600,0,0,272295,200000,0,13,1,0,"NLS79_4154",1,0,272295
15,4,2,,,0,,10224,1,7,0,0,"NLS79_4167",0,,0
19,2,2,6033,0,0,,,,,0,0,"NLS79_4169",1,1,0
16,4,1,25000,0,38000,60000,158000,0,16,0,0,"NLS79_4172",1,1,98000
17,4,2,17500,0,0,,0,1,7,1,0,"NLS79_4177",0,,0
17,2,2,5000,1,46000,50000,96000,0,12,0,0,"NLS79_4180",1,0,96000
19,4,2,,,0,120000,120000,0,12,0,0,"NLS79_4182",1,0,120000
18,1,2,4000,1,0,,,,,1,0,"NLS79_4184",1,1,0
18,1,2,,,16000,,25000,0,13,1,0,"NLS79_4185",1,0,16000
19,1,2,,,0,,,,,1,0,"NLS79_4186",1,1,0
18,1,2,7680,0,0,100000,100040,0,12,1,0,"NLS79_4187",1,0,100000
19,2,2,7500,1,42000,0,49440,0,15,0,0,"NLS79_4200",1,0,42000
17,2,1,7500,1,0,,,,,0,0,"NLS79_4201",1,1,0
15,2,1,7500,1,0,,,,,0,0,"NLS79_4202",1,1,0
16,4,2,10000,0,0,,,,12,1,0,"NLS79_4220",1,0,0
21,4,2,19135,0,74000,43680,117780,0,13,1,0,"NLS79_4236",1,0,117680
14,1,1,8000,0,0,,,,,0,0,"NLS79_4243",1,1,0
21,4,2,25000,0,0,15000,19800,1,14,0,0,"NLS79_4267",1,0,15000
18,2,2,6092,1,0,59000,71480,0,15,0,0,"NLS79_4270",1,0,59000
16,2,2,6092,1,100000,,,,16,0,0,"NLS79_4272",1,1,100000
19,1,2,552,1,0,30000,45908,0,12,1,0,"NLS79_4274",1,0,30000
16,1,2,4500,0,45172,,45172,0,13,0,0,"NLS79_4275",1,0,45172
20,4,1,13000,0,0,,,,,0,0,"NLS79_4279",1,1,0
17,1,2,8484,1,0,,,,,0,0,"NLS79_4291",1,1,0
21,4,2,19900,0,43000,55000,98000,0,14,1,0,"NLS79_4292",1,0,98000
22,4,1,,,0,0,100000,0,18,0,0,"NLS79_4293",1,1,0
21,1,2,12000,0,0,,,,12,0,0,"NLS79_4341",1,0,0
17,4,1,5000,1,0,,,,,0,0,"NLS79_435",1,1,0
20,1,1,2245,1,0,,,,,0,1,"NLS79_4361",1,1,0
18,2,2,,,0,,17340,1,12,0,0,"NLS79_4404",1,0,0
17,4,1,,,0,,,,,1,0,"NLS79_4406",1,1,0
20,4,2,7000,0,0,,,,,0,0,"NLS79_446",1,1,0
16,4,1,10000,0,0,,,,,0,0,"NLS79_447",1,1,0
15,4,1,17400,0,343830,22000,243000,0,20,0,0,"NLS79_4471",1,1,365830
21,4,2,6600,0,0,,,,13,0,0,"NLS79_4475",1,0,0
20,1,1,4402,0,53000,0,53000,0,15,0,0,"NLS79_4513",1,0,53000
16,4,1,4896,0,0,,,,,0,0,"NLS79_4519",1,1,0
15,4,2,20000,0,11000,,18282,0,15,1,0,"NLS79_4525",1,0,11000
20,4,1,,,61000,67000,128000,0,14,0,1,"NLS79_4535",1,0,128000
18,4,2,9000,0,0,,17700,1,15,1,0,"NLS79_4539",1,0,0
17,4,2,,,0,,,,,0,0,"NLS79_454",1,1,0
17,4,1,9000,0,91200,,96600,0,16,1,0,"NLS79_4540",1,1,91200
19,4,2,,,43000,272295,,,19,0,0,"NLS79_455",1,1,315295
20,4,2,600,1,0,,0,1,14,0,0,"NLS79_4560",1,0,0
18,4,1,,,0,,,,,1,0,"NLS79_4575",1,1,0
20,4,1,20000,0,0,,,,,0,0,"NLS79_4596",1,1,0
17,4,1,20000,0,0,,,,,0,0,"NLS79_4597",1,1,0
20,4,1,845,1,75000,,,,17,0,0,"NLS79_4607",1,1,75000
18,4,1,2600,1,160160,170000,497763,0,20,1,0,"NLS79_4609",1,1,330160
15,4,2,,,60000,,62400,0,17,0,0,"NLS79_4616",1,1,60000
15,4,2,16000,0,0,,,,,0,0,"NLS79_4624",1,1,0
21,4,2,8100,0,9693,9000,55793,0,14,0,0,"NLS79_4627",1,0,18693
19,4,2,2000,1,0,,0,1,12,1,0,"NLS79_4628",1,0,0
18,4,1,21400,0,0,,,,,0,0,"NLS79_4646",1,1,0
16,4,2,3912,1,25000,,41776,0,12,0,0,"NLS79_4653",1,0,25000
14,4,1,3912,1,20000,,20400,0,16,0,0,"NLS79_4654",1,1,20000
21,4,1,9000,0,80000,0,80000,0,12,0,0,"NLS79_4656",1,0,80000
16,4,2,,,500,28000,29000,0,12,1,0,"NLS79_4670",1,0,28500
19,4,2,,,60000,,,,14,0,0,"NLS79_4672",1,0,60000
21,4,2,5184,0,0,,,,18,0,0,"NLS79_4683",1,1,0
21,4,2,,,65000,120000,185000,0,13,1,0,"NLS79_4684",1,0,185000
16,4,1,7662,0,0,0,21600,0,12,0,0,"NLS79_4732",1,0,0
18,4,2,,,80000,3600,85986,0,13,1,0,"NLS79_4766",1,0,83600
20,4,1,13000,0,36000,6000,42510,0,19,0,0,"NLS79_4767",1,1,42000
19,4,2,13500,0,43000,,,,13,1,0,"NLS79_4768",1,0,43000
19,4,2,12893,0,0,,65000,0,12,0,0,"NLS79_4769",1,0,0
15,4,1,16000,0,21018,15640,36658,0,12,0,0,"NLS79_4770",1,0,36658
20,4,1,,,9000,0,50448,0,9,0,1,"NLS79_4781",0,,9000
18,4,2,2500,1,0,,,,,0,0,"NLS79_4787",1,1,0
19,4,2,10000,0,70000,45000,117000,0,14,0,0,"NLS79_4815",1,0,115000
15,4,1,10000,0,343830,272295,497763,0,18,0,0,"NLS79_4816",1,1,616125
20,4,2,21324,0,28000,60000,88020,0,12,0,0,"NLS79_4819",1,0,88000
18,4,2,21000,0,44000,15000,,,16,0,0,"NLS79_4820",1,1,59000
14,4,2,21324,0,72000,68000,140488,0,16,0,0,"NLS79_4821",1,1,140000
21,4,2,2530,1,0,,10680,1,12,0,0,"NLS79_4837",1,0,0
18,4,2,6000,0,0,,21012,0,9,0,0,"NLS79_4838",0,,0
16,4,1,7600,0,24000,,37000,0,15,1,0,"NLS79_4840",1,0,24000
16,4,2,5000,0,0,,,,,0,0,"NLS79_4853",1,1,0
18,4,2,,,0,,2400,1,12,0,0,"NLS79_4867",1,0,0
21,4,1,9556,0,45000,,45000,0,13,0,0,"NLS79_4883",1,0,45000
20,4,1,1100,1,45000,46000,91000,0,12,0,0,"NLS79_4884",1,0,91000
18,4,2,,,50000,60000,,,12,0,0,"NLS79_4925",1,0,110000
19,4,2,5333,0,0,,,,,0,0,"NLS79_4951",1,1,0
21,4,2,4200,0,73000,,73100,0,18,0,0,"NLS79_4975",1,1,73000
18,4,1,13200,0,0,,,,,0,1,"NLS79_4982",1,1,0
15,4,1,7200,0,40000,12000,52000,0,12,0,0,"NLS79_4983",1,0,52000
18,4,2,14000,0,0,,,,,0,0,"NLS79_5015",1,1,0
21,4,1,24000,0,85000,,85000,0,16,1,0,"NLS79_5020",1,1,85000
18,4,1,17000,0,43000,,45000,0,17,1,0,"NLS79_5021",1,1,43000
21,4,2,12220,0,38000,,38000,0,12,1,0,"NLS79_5060",1,0,38000
20,4,2,10000,0,0,60000,104268,0,12,1,0,"NLS79_5061",1,0,60000
20,4,1,7500,0,0,,,,,0,0,"NLS79_5068",1,1,0
21,2,1,3600,1,0,,5600,1,12,0,1,"NLS79_5072",1,0,0
22,2,1,,,7000,,7000,1,12,0,1,"NLS79_5075",1,0,7000
20,2,1,11000,0,,,,,12,0,0,"NLS79_5079",1,0,
21,2,1,,,0,,,,,0,0,"NLS79_5086",1,1,0
20,4,1,7000,1,12000,,12000,0,13,1,0,"NLS79_5094",1,0,12000
19,4,2,,,9500,50000,62100,0,10,1,0,"NLS79_5117",0,,59500
20,4,1,,,0,,,,,0,0,"NLS79_5122",1,1,0
17,2,1,8204,1,70000,0,105200,0,14,0,0,"NLS79_513",1,0,70000
19,4,1,23000,0,59000,,59000,0,12,1,1,"NLS79_5145",1,0,59000
16,4,1,23000,0,0,25000,65000,0,12,1,0,"NLS79_5146",1,0,25000
18,4,2,3715,1,0,,,,,1,0,"NLS79_5176",1,1,0
20,4,2,12670,0,0,,,,,0,0,"NLS79_5200",1,1,0
15,4,2,,,0,,27608,0,11,0,0,"NLS79_5216",0,,0
19,1,1,9800,0,0,36000,99000,0,12,0,0,"NLS79_5218",1,0,36000
21,4,1,12000,0,33000,,,,12,0,0,"NLS79_5257",1,0,33000
15,4,2,11000,0,35000,45000,80000,0,12,0,0,"NLS79_5258",1,0,80000
14,4,2,,,0,0,42696,0,13,1,0,"NLS79_5293",1,0,0
21,4,2,,,0,0,12516,1,9,0,0,"NLS79_530",0,,0
18,4,2,6000,0,0,,,,,0,0,"NLS79_5391",1,1,0
20,4,1,15000,0,0,,,,,0,0,"NLS79_54",1,1,0
21,4,2,7850,0,35000,55000,90200,0,16,0,0,"NLS79_5406",1,1,90000
20,2,2,8028,0,0,,0,1,13,0,0,"NLS79_5460",1,0,0
15,2,2,6000,1,0,27000,27000,0,13,0,0,"NLS79_5464",1,0,27000
19,2,2,5520,1,0,,25500,1,12,0,0,"NLS79_5465",1,0,0
16,4,2,13000,0,85000,80000,165000,0,19,1,0,"NLS79_5474",1,1,165000
19,4,2,13488,0,0,62000,67200,0,12,0,0,"NLS79_5487",1,0,62000
19,4,2,12000,0,12000,21000,33000,0,12,0,0,"NLS79_5505",1,0,33000
19,4,2,7900,0,35000,38000,73000,0,12,1,0,"NLS79_5508",1,0,73000
18,4,2,35000,0,,,,,16,0,0,"NLS79_552",1,1,
19,4,2,9452,0,70000,,70050,0,12,0,0,"NLS79_5528",1,0,70000
17,4,1,35000,0,45000,75000,121224,0,16,0,0,"NLS79_553",1,1,120000
19,4,2,,,,0,,,12,0,0,"NLS79_5530",1,0,0
21,4,1,24200,0,65000,15500,87274,0,12,0,0,"NLS79_5531",1,0,80500
15,4,1,35000,0,114000,20000,168476,0,19,0,0,"NLS79_554",1,1,134000
19,4,1,21064,0,29000,,29000,0,9,0,0,"NLS79_5552",0,,29000
17,4,2,21000,0,12000,0,63452,0,12,0,0,"NLS79_5553",1,0,12000
15,4,1,21000,0,50000,,50000,0,9,0,0,"NLS79_5554",0,,50000
19,4,2,10500,0,0,,,,,1,0,"NLS79_5577",1,1,0
19,4,1,16000,0,50000,,50000,0,16,0,0,"NLS79_5590",1,1,50000
19,4,1,11000,0,38000,,39000,0,19,1,0,"NLS79_5592",1,1,38000
19,4,2,8000,1,7000,28000,35000,0,14,0,0,"NLS79_5595",1,0,35000
14,2,2,6348,0,30000,35000,74030,0,13,1,0,"NLS79_5631",1,0,65000
19,2,2,12172,0,0,,125000,0,16,0,0,"NLS79_5632",1,1,0
15,2,1,12172,0,22000,,22000,0,12,0,0,"NLS79_5633",1,0,22000
19,2,1,,,0,,,,,0,1,"NLS79_5643",1,1,0
18,2,1,,,0,,,,6,0,1,"NLS79_5644",0,,0
22,4,1,17425,0,0,,2400,1,13,0,0,"NLS79_5649",1,0,0
21,4,2,19599,0,73000,160000,261182,0,12,1,0,"NLS79_5669",1,0,233000
21,4,2,40000,0,70000,96000,186000,0,16,0,0,"NLS79_5675",1,1,166000
17,4,2,4800,1,0,,9960,1,12,0,0,"NLS79_5681",1,0,0
16,4,2,12580,0,65000,129000,196100,0,12,0,0,"NLS79_5686",1,0,194000
16,4,2,12580,0,0,,,,,0,0,"NLS79_5687",1,1,0
20,4,2,773,1,0,,,,,1,0,"NLS79_5689",1,1,0
20,4,2,32578,0,89000,,,,19,0,0,"NLS79_5695",1,1,89000
19,1,1,7138,0,38000,,45000,0,15,0,0,"NLS79_5723",1,0,38000
15,1,2,6000,1,20000,85000,105000,0,12,0,0,"NLS79_5732",1,0,105000
19,1,1,5269,0,35000,34000,114000,0,14,0,0,"NLS79_5748",1,0,69000
20,1,1,30,1,60000,0,65000,0,12,0,0,"NLS79_5750",1,0,60000
16,1,1,6719,0,10000,,10000,1,12,0,0,"NLS79_5757",1,0,10000
21,1,2,3960,1,0,0,,,15,0,0,"NLS79_5769",1,0,0
19,1,2,3960,1,30000,60000,90000,0,14,0,0,"NLS79_5770",1,0,90000
16,1,1,3960,1,0,,,,,0,0,"NLS79_5771",1,1,0
18,1,1,0,1,40000,0,40000,0,14,1,0,"NLS79_5776",1,0,40000
20,1,1,16551,0,,,,,12,0,0,"NLS79_5788",1,0,
21,1,2,3600,1,22000,0,51928,0,12,0,0,"NLS79_5790",1,0,22000
15,1,1,3600,1,9100,0,14100,1,12,1,0,"NLS79_5792",1,0,9100
18,1,2,2500,1,22000,,22000,0,12,1,0,"NLS79_5803",1,0,22000
20,1,2,,,30000,,30000,0,12,0,0,"NLS79_5805",1,0,30000
19,1,1,2500,1,,13000,,,11,0,0,"NLS79_5832",0,,13000
19,1,1,2628,1,20000,,31568,0,10,0,0,"NLS79_5838",0,,20000
21,1,2,4000,1,16000,,16000,0,12,1,0,"NLS79_5849",1,0,16000
19,1,1,,,0,,,,,0,0,"NLS79_5854",1,1,0
20,1,2,30000,0,80000,95000,175000,0,18,0,0,"NLS79_5856",1,1,175000
19,1,1,30000,0,65000,,67000,0,12,0,0,"NLS79_5857",1,0,65000
16,1,1,,,100000,70000,170000,0,12,0,0,"NLS79_5860",1,0,170000
20,1,1,5400,1,30000,0,30000,0,12,1,0,"NLS79_5869",1,0,30000
17,1,2,5400,1,,0,,,12,1,0,"NLS79_5870",1,0,0
21,1,2,,,23000,,23000,0,3,0,0,"NLS79_5880",0,,23000
17,1,1,5150,1,8000,28000,36000,0,12,0,0,"NLS79_5884",1,0,36000
14,1,1,,,62000,24000,86000,0,12,0,0,"NLS79_5885",1,0,86000
20,2,2,17000,0,27000,38000,65000,0,12,0,0,"NLS79_5887",1,0,65000
14,2,1,16000,0,82000,,82000,0,15,0,0,"NLS79_5898",1,0,82000
16,2,2,16000,0,65000,,,,13,0,0,"NLS79_5899",1,0,65000
17,2,1,6000,0,20000,0,45252,0,12,1,0,"NLS79_5912",1,0,20000
22,2,2,5000,1,0,50000,66404,0,12,0,0,"NLS79_5913",1,0,50000
22,2,2,3156,1,0,,,,,0,0,"NLS79_5926",1,1,0
16,2,1,7500,0,0,,8640,1,13,0,0,"NLS79_5928",1,0,0
21,1,2,,,0,,19540,0,13,0,0,"NLS79_593",1,0,0
17,1,1,9504,0,0,,,,,0,1,"NLS79_5943",1,1,0
22,1,2,0,1,0,,,,6,1,0,"NLS79_5947",0,,0
16,2,1,4596,1,10000,,10000,1,12,0,0,"NLS79_5960",1,0,10000
14,2,1,4596,1,48000,0,48000,0,12,0,0,"NLS79_5961",1,0,48000
20,2,1,,,0,,,,,0,1,"NLS79_5964",1,1,0
19,2,1,8000,0,32000,,,,15,1,1,"NLS79_5981",1,0,32000
20,2,2,3864,1,23000,63000,86400,0,12,0,0,"NLS79_5991",1,0,86000
16,2,1,9050,1,0,,4968,1,12,0,1,"NLS79_5993",1,0,0
17,2,1,2156,1,22000,0,35524,0,13,0,0,"NLS79_6012",1,0,22000
18,2,2,6000,0,0,,51200,0,17,0,0,"NLS79_6015",1,1,0
19,2,1,4000,1,38840,,,,12,1,0,"NLS79_6020",1,0,38840
19,2,1,4000,1,35000,,,,10,0,0,"NLS79_6021",0,,35000
15,2,2,4000,1,35000,,38700,0,12,1,0,"NLS79_6022",1,0,35000
17,2,1,,,10000,15000,25000,0,11,0,0,"NLS79_6025",0,,25000
17,2,2,,,6895,,6895,1,12,0,0,"NLS79_6030",1,0,6895
19,2,1,3792,1,6000,,6000,1,9,1,1,"NLS79_6045",0,,6000
16,2,2,3792,1,0,,,,8,1,0,"NLS79_6046",0,,0
21,2,2,4676,1,24000,,24000,0,10,0,0,"NLS79_6069",0,,24000
21,2,2,9500,0,0,,,,,0,0,"NLS79_6088",1,1,0
15,2,1,700,1,4000,,4000,1,12,0,1,"NLS79_6089",1,0,4000
21,2,1,3000,1,0,,,,,0,0,"NLS79_6103",1,1,0
19,2,1,3000,1,12000,,14100,0,12,0,0,"NLS79_6104",1,0,12000
19,4,2,,,65000,40000,105000,0,20,0,0,"NLS79_611",1,1,105000
20,2,2,,,9000,,9000,1,15,1,0,"NLS79_6114",1,0,9000
21,2,2,3091,1,0,,12696,0,16,1,0,"NLS79_6115",1,1,0
21,2,2,5000,1,0,,,,,0,0,"NLS79_6116",1,1,0
21,1,2,,,85000,85000,170000,0,19,0,0,"NLS79_614",1,1,170000
16,2,1,6083,1,24471,,24471,0,8,0,0,"NLS79_6145",0,,24471
18,2,1,5600,1,0,,,,,0,1,"NLS79_6147",1,1,0
14,2,2,5600,1,25000,,25000,0,12,1,0,"NLS79_6150",1,0,25000
16,2,1,11664,0,0,,,,14,0,0,"NLS79_6165",1,0,0
20,4,2,4070,1,0,,,,,0,0,"NLS79_618",1,1,0
21,2,2,7432,0,70000,,86000,0,15,0,0,"NLS79_6185",1,0,70000
16,2,2,5096,1,2400,,2700,1,14,0,0,"NLS79_6195",1,0,2400
20,2,2,7128,1,1700,0,15580,0,15,0,0,"NLS79_6206",1,0,1700
16,2,1,4000,1,,,,,15,0,0,"NLS79_6218",1,0,
18,2,2,,,0,,6000,1,14,0,0,"NLS79_623",1,0,0
18,2,1,7000,0,19760,,19760,0,8,0,0,"NLS79_6230",0,,19760
21,2,1,20000,0,66000,38000,119840,0,14,0,0,"NLS79_6236",1,0,104000
15,2,1,,,70000,0,70000,0,17,0,0,"NLS79_624",1,1,70000
15,2,2,,,29000,37000,66000,0,14,0,0,"NLS79_6240",1,0,66000
14,2,1,,,0,0,25600,0,16,0,0,"NLS79_6241",1,1,0
20,2,1,,,23000,,23000,0,16,0,0,"NLS79_6242",1,1,23000
19,2,1,6000,1,82000,68000,190600,0,12,1,0,"NLS79_6252",1,0,150000
16,2,1,6000,1,0,,12590,1,12,1,0,"NLS79_6254",1,0,0
14,2,2,6000,1,400,,1600,1,12,1,0,"NLS79_6256",1,0,400
17,2,2,19000,0,0,,,,,0,0,"NLS79_6265",1,1,0
16,2,2,8002,0,30000,52000,82000,0,15,0,0,"NLS79_6270",1,0,82000
21,2,1,3000,1,48000,0,48300,0,14,1,0,"NLS79_6272",1,0,48000
17,2,2,3492,1,8000,32000,40000,0,14,0,0,"NLS79_6274",1,0,40000
15,2,2,3992,1,32000,0,69600,0,14,1,0,"NLS79_6282",1,0,32000
19,2,2,2556,1,0,,,,,0,0,"NLS79_6284",1,1,0
16,2,1,15720,0,62500,24000,86500,0,15,0,0,"NLS79_6287",1,0,86500
18,2,2,9733,1,63000,,63000,0,14,1,0,"NLS79_6293",1,0,63000
15,2,2,5350,1,0,50000,50000,0,13,0,0,"NLS79_6296",1,0,50000
19,2,1,11503,0,62000,,62000,0,16,0,0,"NLS79_6303",1,1,62000
19,2,2,2112,1,0,,,,6,0,0,"NLS79_6306",0,,0
20,4,1,6060,0,28000,0,28000,0,11,1,0,"NLS79_631",0,,28000
21,2,2,5024,1,0,20000,37279,0,13,1,0,"NLS79_6310",1,0,20000
18,2,2,6000,1,23880,27800,51680,0,16,0,0,"NLS79_6334",1,1,51680
18,2,2,624,1,26000,38000,67000,0,13,0,0,"NLS79_6336",1,0,64000
21,2,2,600,1,,,,,15,0,0,"NLS79_6337",1,0,
21,2,2,12000,0,17000,,17000,0,12,0,0,"NLS79_6345",1,0,17000
16,2,2,1746,1,22000,,27840,0,12,0,0,"NLS79_6364",1,0,22000
20,2,2,2000,1,0,,,,,0,0,"NLS79_6369",1,1,0
18,2,2,2000,1,0,,,,,0,0,"NLS79_6370",1,1,0
19,2,2,1860,1,0,,9600,1,10,1,0,"NLS79_6371",0,,0
21,2,1,,,0,,22800,0,9,0,0,"NLS79_6395",0,,0
15,2,1,700,1,34000,12000,46000,0,17,0,0,"NLS79_6411",1,1,46000
18,2,2,700,1,13000,0,23248,0,13,0,0,"NLS79_6412",1,0,13000
18,2,2,700,1,0,,16548,0,12,1,0,"NLS79_6416",1,0,0
16,2,2,700,1,,0,,,12,1,0,"NLS79_6417",1,0,0
18,2,2,4204,1,15000,,15000,0,12,0,0,"NLS79_6427",1,0,15000
15,2,2,4204,1,12000,,19604,0,12,0,0,"NLS79_6428",1,0,12000
21,2,1,,,0,,0,1,12,0,0,"NLS79_6430",1,0,0
17,2,1,10000,0,100000,100000,218000,0,12,1,1,"NLS79_6466",1,0,200000
16,2,2,3000,1,0,,10920,0,10,1,0,"NLS79_6474",0,,0
20,2,2,,,0,,,,,0,0,"NLS79_6475",1,1,0
19,2,1,,,0,0,,,8,0,0,"NLS79_6476",0,,0
18,2,1,,,1900,,1900,1,12,0,0,"NLS79_6477",1,0,1900
17,2,1,,,38000,0,38000,0,10,0,0,"NLS79_6478",0,,38000
15,2,1,,,30000,,33000,0,13,0,1,"NLS79_6479",1,0,30000
14,2,1,,,24000,,,,9,0,0,"NLS79_6480",0,,24000
18,2,1,5861,0,17000,,17000,0,15,0,0,"NLS79_6491",1,0,17000
16,2,1,10440,0,0,,,,,1,1,"NLS79_6506",1,1,0
20,2,2,24240,0,0,0,25500,0,12,0,0,"NLS79_6510",1,0,0
17,2,1,24240,0,48000,,48000,0,12,0,0,"NLS79_6511",1,0,48000
20,2,2,5000,1,53000,54000,107000,0,16,0,0,"NLS79_6513",1,1,107000
14,2,2,6076,1,65000,,67500,0,18,0,0,"NLS79_6515",1,1,65000
20,2,1,8000,0,25000,,37000,0,18,0,0,"NLS79_6518",1,1,25000
19,4,1,20000,0,97850,,114850,0,18,0,0,"NLS79_653",1,1,97850
15,2,1,7456,1,380,,380,1,12,0,1,"NLS79_6598",1,0,380
19,2,1,,,0,,,,,1,0,"NLS79_6601",1,1,0
14,2,1,4344,1,22000,,44200,0,12,1,0,"NLS79_6617",1,0,22000
21,1,2,11000,0,0,0,17040,1,13,0,0,"NLS79_6655",1,0,0
19,2,2,,,0,,,,,0,0,"NLS79_6684",1,1,0
19,2,1,6000,1,0,,10356,1,12,0,1,"NLS79_6717",1,0,0
22,2,2,6500,1,0,,31080,0,16,0,0,"NLS79_6734",1,1,0
21,2,1,11550,0,48500,,50000,0,17,0,0,"NLS79_6751",1,1,48500
14,2,1,,,20000,0,20000,0,12,1,0,"NLS79_6759",1,0,20000
18,2,2,5640,1,0,,0,1,12,0,0,"NLS79_6761",1,0,0
21,1,2,,,0,,,,,0,0,"NLS79_6763",1,1,0
18,2,1,0,1,120000,40000,160000,0,15,0,0,"NLS79_6769",1,0,160000
20,2,1,2908,1,0,,,,,0,0,"NLS79_6771",1,1,0
20,1,2,2154,1,0,,2400,1,12,0,0,"NLS79_6773",1,0,0
21,2,1,5000,1,9000,0,,,12,0,0,"NLS79_679",1,0,9000
19,2,2,5000,1,0,,,,,0,0,"NLS79_680",1,1,0
18,2,1,5000,1,0,0,0,1,12,0,0,"NLS79_681",1,0,0
16,2,2,5000,1,0,,,,,0,0,"NLS79_682",1,1,0
20,1,2,7500,1,0,,,,,0,0,"NLS79_6832",1,1,0
21,2,1,6500,1,0,,12456,0,12,0,0,"NLS79_6865",1,0,0
21,2,2,6500,1,4000,,19000,0,10,0,0,"NLS79_6866",0,,4000
17,2,1,6000,0,83000,,,,12,0,0,"NLS79_6873",1,0,83000
21,2,2,24000,0,,,,,12,0,0,"NLS79_6948",1,0,
18,2,2,9800,0,15000,,15000,0,15,0,0,"NLS79_6971",1,0,15000
21,4,2,,,12000,,18000,0,16,0,0,"NLS79_699",1,1,12000
20,1,1,43000,0,0,,,,,0,0,"NLS79_7047",1,1,0
19,1,2,5364,1,0,,9888,1,12,0,0,"NLS79_7066",1,0,0
20,2,2,5240,0,0,,,,,0,0,"NLS79_7067",1,1,0
15,2,1,,,17000,0,28600,1,12,0,1,"NLS79_7078",1,0,17000
14,2,1,,,24000,,,,12,1,0,"NLS79_7079",1,0,24000
17,2,1,,,50000,,50000,0,14,0,1,"NLS79_7080",1,0,50000
21,2,1,6365,0,52000,,60268,0,12,1,0,"NLS79_7125",1,0,52000
19,2,1,3960,1,0,,11432,1,12,0,0,"NLS79_7132",1,0,0
19,2,2,,,0,,19104,1,10,0,0,"NLS79_7139",0,,0
18,2,1,640,1,0,,16104,0,12,0,0,"NLS79_7140",1,0,0
17,2,1,14000,0,0,,0,1,12,0,1,"NLS79_7141",1,0,0
21,2,2,5000,1,40748,,40748,0,15,0,0,"NLS79_7148",1,0,40748
17,2,1,2500,1,0,,25040,0,12,0,0,"NLS79_7149",1,0,0
18,2,2,5000,1,0,,2900,1,10,0,0,"NLS79_7158",0,,0
18,2,1,3728,1,0,,8040,1,12,0,0,"NLS79_7176",1,0,0
19,2,2,6000,1,17000,,62000,0,12,1,0,"NLS79_7181",1,0,17000
18,2,1,6000,1,20000,,,,12,1,0,"NLS79_7182",1,0,20000
16,2,1,16000,0,0,,8820,1,12,0,0,"NLS79_7187",1,0,0
14,2,1,16000,0,17000,,28256,0,12,0,1,"NLS79_7188",1,0,17000
16,1,2,9000,0,57000,175000,232000,0,13,0,0,"NLS79_7214",1,0,232000
18,2,1,5000,1,0,0,0,1,12,0,0,"NLS79_7222",1,0,0
16,2,2,5000,1,0,,,,,0,0,"NLS79_7224",1,1,0
21,2,2,300,1,,,,,12,0,0,"NLS79_7252",1,0,
17,2,1,6000,1,0,,13200,1,12,0,1,"NLS79_7257",1,0,0
16,2,2,6000,1,19000,,29476,0,12,0,0,"NLS79_7258",1,0,19000
15,2,2,6000,1,76000,0,76000,0,12,0,0,"NLS79_7259",1,0,76000
15,2,2,800,1,300,,2700,1,11,0,0,"NLS79_7263",0,,300
15,2,1,9000,0,22000,25000,59900,0,13,0,0,"NLS79_7265",1,0,47000
16,2,2,18000,0,33000,,33000,0,12,1,0,"NLS79_7275",1,0,33000
15,2,2,14000,0,62000,,62000,0,14,1,0,"NLS79_7276",1,0,62000
15,2,1,18000,0,20000,,20000,0,12,1,1,"NLS79_7277",1,0,20000
20,2,2,,,61786,,,,16,0,0,"NLS79_7293",1,1,61786
18,2,1,,,16000,,16000,1,12,0,1,"NLS79_7294",1,0,16000
21,2,2,6710,0,0,,,,,0,0,"NLS79_7295",1,1,0
15,2,2,10000,0,,,,,13,0,0,"NLS79_7383",1,0,
21,2,2,8000,0,67000,33000,100000,0,16,1,0,"NLS79_7393",1,1,100000
16,2,2,8000,0,55000,,55000,0,13,1,0,"NLS79_7394",1,0,55000
16,1,1,8000,0,45000,,88000,0,14,0,0,"NLS79_7417",1,0,45000
15,1,2,8000,0,0,,,,,1,0,"NLS79_7418",1,1,0
18,1,2,7000,0,52000,0,106500,0,12,1,0,"NLS79_7430",1,0,52000
17,2,1,,,15000,12000,27000,0,12,0,0,"NLS79_7465",1,0,27000
15,2,1,,,20000,,28351,0,12,0,1,"NLS79_7466",1,0,20000
21,4,2,4250,0,120000,,146000,0,19,0,0,"NLS79_752",1,1,120000
19,2,2,,,18000,,29676,1,12,0,0,"NLS79_7524",1,0,18000
19,2,2,,,34000,,34500,0,12,0,0,"NLS79_7525",1,0,34000
18,2,2,3360,1,,,,,10,1,0,"NLS79_7548",0,,
16,2,1,3372,1,0,0,1200,1,8,1,0,"NLS79_7549",0,,0
15,2,2,3360,1,30000,,30000,0,12,1,0,"NLS79_7550",1,0,30000
17,2,1,10738,0,48000,0,80114,0,16,0,0,"NLS79_7552",1,1,48000
17,1,1,7000,0,0,,280,1,12,0,1,"NLS79_7593",1,0,0
15,1,1,7000,0,25000,25000,50000,0,14,0,0,"NLS79_7594",1,0,50000
20,2,2,9924,0,,,,,14,0,0,"NLS79_7636",1,0,
15,2,1,3564,1,19000,,19000,0,12,0,0,"NLS79_7639",1,0,19000
20,2,1,4429,1,0,,,,,1,1,"NLS79_7644",1,1,0
15,2,2,4429,1,0,25000,25000,0,12,1,0,"NLS79_7645",1,0,25000
21,2,2,13836,0,0,,20592,0,9,0,0,"NLS79_7646",0,,0
15,2,1,15000,0,13890,40000,53890,0,13,0,0,"NLS79_7664",1,0,53890
20,2,2,,,0,,,,,0,0,"NLS79_7681",1,1,0
20,2,2,3500,1,15000,,18660,0,12,0,0,"NLS79_7685",1,0,15000
20,2,2,4000,1,48000,140000,188000,0,18,0,0,"NLS79_7687",1,1,188000
20,2,1,11800,0,50000,,50000,0,12,0,0,"NLS79_7699",1,0,50000
19,2,1,11800,0,,,,,12,0,0,"NLS79_7700",1,0,
16,2,1,11800,0,0,,37212,0,12,0,0,"NLS79_7701",1,0,0
18,2,1,27000,0,135000,100000,235000,0,17,0,0,"NLS79_7703",1,1,235000
17,1,1,3000,1,20000,0,26000,1,9,0,0,"NLS79_7837",0,,20000
16,1,2,3000,1,52000,,52000,0,15,0,0,"NLS79_7838",1,0,52000
16,2,1,5000,1,0,,0,1,12,1,0,"NLS79_7839",1,0,0
18,1,1,16456,0,60000,0,60050,0,12,0,0,"NLS79_7843",1,0,60000
21,2,1,5700,0,71000,52000,174000,0,14,0,0,"NLS79_7923",1,0,123000
21,2,2,,,0,,36285,0,14,1,0,"NLS79_7933",1,0,0
17,2,1,2182,1,0,,1824,1,11,1,1,"NLS79_7937",0,,0
15,2,2,2182,1,3000,,3000,1,12,1,0,"NLS79_7938",1,0,3000
15,1,2,6000,1,0,,,,12,0,0,"NLS79_7951",1,0,0
20,1,1,,,10400,,10400,1,10,0,1,"NLS79_7999",0,,10400
20,1,2,8300,0,0,272295,200000,0,14,1,0,"NLS79_8013",1,0,272295
21,1,1,6000,0,26000,,,,12,0,0,"NLS79_8022",1,0,26000
14,1,2,10000,0,90000,,90000,0,14,0,0,"NLS79_8025",1,0,90000
20,2,1,11000,0,0,,12000,1,14,1,0,"NLS79_8032",1,0,0
20,1,2,15780,0,0,,,,,0,0,"NLS79_8072",1,1,0
20,1,1,,,0,,,,,0,0,"NLS79_8094",1,1,0
17,1,2,,,0,0,15600,1,6,0,0,"NLS79_8102",0,,0
17,1,2,15220,0,56000,,56000,0,12,1,1,"NLS79_8140",1,0,56000
21,2,1,13000,0,0,,0,1,11,0,1,"NLS79_8182",0,,0
21,2,1,10000,0,5000,,5000,1,11,0,0,"NLS79_8186",0,,5000
19,1,2,5000,0,117000,125000,242000,0,19,1,0,"NLS79_8217",1,1,242000
15,2,1,,,0,,,,,0,1,"NLS79_8246",1,1,0
19,1,2,7536,0,0,,,,,0,0,"NLS79_8260",1,1,0
17,1,2,3020,1,0,,14340,1,12,0,0,"NLS79_8269",1,0,0
20,1,1,4000,0,0,,,,,1,0,"NLS79_8280",1,1,0
20,1,1,,,40000,,40000,0,12,0,0,"NLS79_8282",1,0,40000
14,1,1,,,60000,26000,86001,0,12,0,0,"NLS79_8295",1,0,86000
15,1,2,,,18000,25000,43000,0,10,0,0,"NLS79_8296",0,,43000
18,2,2,8000,1,0,60000,60000,0,12,0,0,"NLS79_830",1,0,60000
16,1,1,2000,1,42000,,42000,0,15,1,0,"NLS79_8316",1,0,42000
21,1,2,,,37500,,37510,0,12,0,0,"NLS79_8340",1,0,37500
19,1,1,4000,1,0,12000,22800,0,11,0,0,"NLS79_8364",0,,12000
17,2,1,11000,0,53000,28500,81500,0,12,1,0,"NLS79_8384",1,0,81500
18,2,2,11000,0,570,19000,19570,0,12,1,0,"NLS79_8385",1,0,19570
19,2,2,8700,0,42000,,,,16,0,0,"NLS79_8428",1,1,42000
22,2,1,12820,0,0,,10800,1,8,0,0,"NLS79_8441",0,,0
18,2,2,8000,1,32000,,,,12,0,0,"NLS79_8479",1,0,32000
20,2,2,3000,1,41000,,41000,0,16,0,0,"NLS79_8482",1,1,41000
18,2,2,3000,1,22000,46000,68000,0,13,0,0,"NLS79_8483",1,0,68000
14,2,2,3000,1,0,,,,,0,0,"NLS79_8484",1,1,0
18,2,1,5500,1,0,,10200,1,12,1,1,"NLS79_8485",1,0,0
21,2,2,,,0,,,,,0,0,"NLS79_8537",1,1,0
21,2,2,7000,0,50000,,50000,0,12,0,0,"NLS79_8540",1,0,50000
20,2,1,6296,0,20000,,20000,0,14,0,0,"NLS79_8541",1,0,20000
21,2,1,11160,0,0,,1600,1,10,1,1,"NLS79_8597",0,,0
22,2,2,11160,0,0,,2417,1,8,1,0,"NLS79_8598",0,,0
14,2,1,9000,0,0,,,,,0,1,"NLS79_8599",1,1,0
15,2,2,7000,0,0,,4308,1,12,0,0,"NLS79_8608",1,0,0
22,2,1,,,8000,,8000,1,12,0,1,"NLS79_8609",1,0,8000
21,2,2,2600,1,0,,,,,0,0,"NLS79_8613",1,1,0
20,4,2,10700,0,35000,50000,105000,0,11,0,0,"NLS79_862",0,,85000
17,2,1,,,20000,,20000,0,12,0,0,"NLS79_8651",1,0,20000
15,2,1,6000,1,,,,,16,1,0,"NLS79_8670",1,1,
18,2,1,2352,1,1300,,1300,1,12,1,0,"NLS79_8678",1,0,1300
18,2,1,1551,1,35000,0,,,11,0,0,"NLS79_8682",0,,35000
15,2,2,4000,1,0,,2400,1,16,0,0,"NLS79_8791",1,1,0
21,2,2,3046,1,42000,0,42000,0,14,0,0,"NLS79_8818",1,0,42000
17,1,1,10120,0,0,,41320,0,12,0,0,"NLS79_8866",1,0,0
18,1,1,3110,1,32000,20000,52000,0,12,0,0,"NLS79_8871",1,0,52000
16,1,1,3110,1,67000,,67000,0,12,1,0,"NLS79_8872",1,0,67000
20,4,1,12250,0,60000,20000,80000,0,12,0,0,"NLS79_888",1,0,80000
17,1,1,1966,1,30000,,,,14,0,0,"NLS79_8915",1,0,30000
17,1,2,,,26000,34000,60060,0,12,0,0,"NLS79_8932",1,0,60000
17,1,2,,,32000,44000,76000,0,12,0,0,"NLS79_8934",1,0,76000
20,2,2,,,5000,,12541,1,12,0,0,"NLS79_8960",1,0,5000
17,2,1,8000,0,0,,,,,0,0,"NLS79_8979",1,1,0
19,2,1,,,,,,,12,0,0,"NLS79_8989",1,0,
21,4,1,10000,0,35000,40000,76935,0,15,0,0,"NLS79_899",1,0,75000
18,2,1,,,120000,55000,191452,0,12,0,0,"NLS79_8999",1,0,175000
17,4,2,,,12000,100000,150010,0,15,1,0,"NLS79_900",1,0,112000
21,2,1,7000,0,0,12240,26784,0,12,0,1,"NLS79_9005",1,0,12240
17,2,1,42600,0,0,,,,,1,0,"NLS79_9017",1,1,0
14,2,2,17090,0,29120,,29120,0,12,0,0,"NLS79_9018",1,0,29120
17,2,2,12075,0,1000,,12460,1,12,0,0,"NLS79_9019",1,0,1000
18,2,1,75001,0,37109,,37109,0,12,0,1,"NLS79_9020",1,0,37109
16,2,2,1596,1,25000,,25000,0,17,0,0,"NLS79_9045",1,1,25000
16,2,1,4460,1,0,,,,,0,0,"NLS79_9056",1,1,0
14,2,2,6956,1,40000,,40000,0,12,0,0,"NLS79_9057",1,0,40000
18,2,1,8240,0,30000,80000,110000,0,13,1,0,"NLS79_9069",1,0,110000
21,2,2,3083,1,0,,1543,1,12,1,0,"NLS79_9074",1,0,0
19,2,1,,,45000,35000,80000,0,17,0,0,"NLS79_9091",1,1,80000
17,2,2,,,27000,56000,83000,0,14,0,0,"NLS79_9092",1,0,83000
20,2,1,,,0,,,,,0,0,"NLS79_9098",1,1,0
14,2,2,,,30000,,30000,0,12,0,0,"NLS79_9106",1,0,30000
20,2,2,7930,0,50000,60000,110000,0,13,0,0,"NLS79_9117",1,0,110000
14,2,1,2220,1,0,11000,20948,1,12,0,0,"NLS79_9149",1,0,11000
15,2,1,,,0,,,,,0,0,"NLS79_9166",1,1,0
20,2,2,12864,0,72000,,,,17,1,0,"NLS79_9195",1,1,72000
18,2,1,,,49000,10000,85400,0,17,1,0,"NLS79_9196",1,1,59000
16,2,2,3200,1,25000,,25000,0,12,0,0,"NLS79_9219",1,0,25000
20,1,2,4512,1,32000,,32000,0,12,0,0,"NLS79_9220",1,0,32000
19,1,1,9184,0,0,,14412,1,12,0,0,"NLS79_9232",1,0,0
17,1,2,9184,0,24000,,24000,0,14,0,0,"NLS79_9233",1,0,24000
15,1,2,9184,0,40000,,62292,0,12,0,0,"NLS79_9234",1,0,40000
22,1,2,4848,1,0,,,,,0,0,"NLS79_9272",1,1,0
18,1,1,4500,1,0,38000,38000,0,12,0,0,"NLS79_9282",1,0,38000
14,1,1,1376,1,0,,11112,0,9,0,1,"NLS79_9294",0,,0
21,1,1,2156,1,0,,,,,0,0,"NLS79_9296",1,1,0
20,2,1,,,60000,65000,125900,0,14,0,0,"NLS79_9301",1,0,125000
22,4,1,11670,0,0,,19080,0,12,0,0,"NLS79_931",1,0,0
20,2,1,6288,0,0,,,,,0,0,"NLS79_9314",1,1,0
20,1,2,4812,0,0,,,,,0,0,"NLS79_9364",1,1,0
21,2,1,2600,1,0,,,,12,0,0,"NLS79_9390",1,0,0
19,2,1,5000,1,32000,,32000,0,12,0,0,"NLS79_9391",1,0,32000
20,2,2,6238,0,18000,,18000,1,14,1,0,"NLS79_9392",1,0,18000
20,1,2,20000,0,0,,,,,0,0,"NLS79_9396",1,1,0
20,2,1,4700,1,30000,,30000,0,9,0,1,"NLS79_9412",0,,30000
18,2,2,4200,1,18000,,22712,0,12,1,0,"NLS79_9413",1,0,18000
20,1,2,27000,0,23500,43200,66700,0,12,0,0,"NLS79_9483",1,0,66700
19,1,1,27000,0,23000,,23000,0,12,0,0,"NLS79_9484",1,0,23000
18,1,2,27000,0,24000,31000,,,12,0,0,"NLS79_9485",1,0,55000
15,1,1,27000,0,56000,,,,12,0,0,"NLS79_9486",1,0,56000
21,2,1,9000,0,16000,0,38368,0,12,1,0,"NLS79_9503",1,0,16000
18,2,2,9000,0,41000,,62000,0,15,0,0,"NLS79_9504",1,0,41000
21,2,2,10000,0,30000,40000,70000,0,12,0,0,"NLS79_9521",1,0,70000
21,1,2,7120,1,0,,14088,1,4,0,0,"NLS79_9529",0,,0
14,2,2,4500,1,,,,,13,1,0,"NLS79_9535",1,0,
18,4,2,,,10000,100000,110000,0,16,1,0,"NLS79_954",1,1,110000
18,2,1,,,0,,18408,0,11,0,0,"NLS79_9553",0,,0
15,2,1,12000,0,49000,,49000,0,16,0,0,"NLS79_9572",1,1,49000
17,2,1,4000,1,0,,,,,0,1,"NLS79_9605",1,1,0
15,2,1,4000,1,0,,,,,0,0,"NLS79_9606",1,1,0
18,2,1,,,1000,,1000,1,12,0,1,"NLS79_9607",1,0,1000
21,1,2,6500,0,61000,,61000,0,13,1,0,"NLS79_9619",1,0,61000
18,2,2,14000,0,9900,,10900,0,14,0,0,"NLS79_9634",1,0,9900
17,2,1,6000,1,0,,,,,0,0,"NLS79_9670",1,1,0
21,2,1,,,0,,,,,0,0,"NLS79_9706",1,1,0
17,2,2,9500,0,3000,23000,33135,0,15,1,0,"NLS79_9711",1,0,26000
17,2,1,11000,0,65000,,65000,0,12,1,0,"NLS79_9760",1,0,65000
21,2,2,5000,1,0,0,0,1,14,0,0,"NLS79_9768",1,0,0
19,4,2,13000,0,11000,,23000,0,12,0,0,"NLS79_979",1,0,11000
16,1,2,7824,1,0,,10284,1,9,1,0,"NLS79_9828",0,,0
19,1,2,,,0,,0,1,16,1,0,"NLS79_9831",1,1,0
20,4,1,9400,0,31200,8000,40580,0,16,0,0,"NLS79_984",1,1,39200
19,1,2,,,0,40000,50380,0,12,0,0,"NLS79_9845",1,0,40000
19,1,1,,,0,,,,,1,0,"NLS79_9846",1,1,0
15,1,1,,,90000,,90000,0,19,0,0,"NLS79_9847",1,1,90000
20,1,1,8500,0,0,,,,,0,0,"NLS79_9856",1,1,0
18,2,1,15000,0,63000,,63000,0,14,0,0,"NLS79_9928",1,0,63000
16,2,1,15000,0,80000,,84800,0,14,0,0,"NLS79_9929",1,0,80000
18,2,2,4000,1,1300,,3700,1,13,0,0,"NLS79_9970",1,0,1300
20,2,1,4000,1,0,,3560,1,13,1,0,"NLS79_9971",1,0,0
20,1,1,20000,0,0,,,,13,0,0,"NLS79_9988",1,0,0
15,4,2,14144,0,40000,50000,90000,0,16,0,0,"NLS79_999",1,1,90000
20,2,1,,,0,,0,1,7,0,0,"NLS79_9996",0,,0
14,2,2,4500,0,0,,,,,0,0,"NLS79_9999",1,1,0
17,4,1,,0,0,,,0,4,0,0,"NLS97_10",0,,0
18,1,2,,0,37000,,61500,0,,0,0,"NLS97_101",1,1,37000
20,4,1,,0,31737,42000,57552.75,0,2,0,0,"NLS97_1030",0,,73737
16,1,2,3412.8,0,26044,,39066,0,2,0,0,"NLS97_1060",0,,26044
21,1,1,23834,0,,,2003.4,0,2,0,0,"NLS97_1062",0,,
18,2,2,57900,0,,,28125,0,2,0,0,"NLS97_1114",0,,
15,4,2,25925,0,60000,,45000,0,3,0,0,"NLS97_1143",0,,60000
18,4,1,37500,0,,,0,1,1,1,1,"NLS97_1201",0,,
19,1,1,,0,,,33750,0,2,0,1,"NLS97_1202",0,,
21,1,2,,0,900,,28950,0,2,0,0,"NLS97_1220",0,,900
20,2,2,16320,0,,65000,48750,0,1,1,0,"NLS97_1329",0,,65000
18,4,1,56625,0,83000,30000,62550,0,1,0,1,"NLS97_1382",0,,113000
17,2,2,49275,0,19000,25000,35250,0,1,0,0,"NLS97_1386",0,,44000
17,1,2,7879.5,0,,,18666,0,2,0,0,"NLS97_1399",0,,
20,1,1,88560,0,60000,,45000,0,2,0,0,"NLS97_143",0,,60000
20,4,1,43500,0,67000,80000,105840,0,4,0,0,"NLS97_1441",0,,147000
18,4,2,43500,0,22000,45000,50250,0,4,0,0,"NLS97_1442",0,,67000
15,4,1,43500,0,25000,,22100,0,2,0,0,"NLS97_1443",0,,25000
19,4,1,31811.25,0,46000,,37500,0,4,0,0,"NLS97_1532",0,,46000
18,4,1,30750,0,50000,,37500,0,2,0,0,"NLS97_1559",0,,50000
19,1,2,30000,0,47700,,,0,4,0,0,"NLS97_162",0,,47700
18,1,1,30000,0,600,,540,0,2,0,0,"NLS97_163",0,,600
21,2,1,,0,0,,,0,2,0,0,"NLS97_168",0,,0
22,4,2,51825,0,0,,,0,2,0,0,"NLS97_1709",0,,0
20,2,1,,0,0,,,0,0,0,1,"NLS97_1724",0,,0
19,4,1,,0,60000,35000,68400,0,2,0,0,"NLS97_1775",0,,95000
19,1,1,0,1,23000,35000,43500,0,1,0,0,"NLS97_18",0,,58000
20,4,2,29759.35,0,25000,15000,30642.75,0,5,0,0,"NLS97_1880",0,,40000
15,1,1,0,1,0,,,0,,0,1,"NLS97_19",1,1,0
19,4,2,11900,0,,10000,29750,0,1,0,0,"NLS97_1913",0,,10000
18,4,1,,0,,45000,40050,0,1,1,1,"NLS97_1935",0,,45000
17,1,1,9350,0,,,2250,0,2,0,0,"NLS97_1945",0,,
17,1,2,18870,0,46000,60000,105120,0,3,0,0,"NLS97_2017",0,,106000
17,1,1,,0,,,247.5,0,1,0,1,"NLS97_2093",0,,
19,1,2,,0,30000,,26520,0,3,0,0,"NLS97_2105",0,,30000
19,4,2,8840,0,28000,30000,103356,0,2,0,0,"NLS97_2153",0,,58000
19,2,2,28500,0,43000,47000,64800,0,3,0,0,"NLS97_2277",0,,90000
21,2,1,,0,,,21250,0,1,0,0,"NLS97_231",0,,
19,4,1,,0,,,40875,0,2,0,0,"NLS97_2349",0,,
17,4,1,,0,53000,8000,47880.75,0,4,0,0,"NLS97_2350",0,,61000
15,4,2,,0,24000,,63000,0,2,0,0,"NLS97_2351",0,,24000
19,2,2,,0,0,,,0,2,0,0,"NLS97_2354",0,,0
22,1,2,7200,0,,,6300,0,1,0,0,"NLS97_2359",0,,
18,1,2,,0,39000,,29250,0,2,0,0,"NLS97_2364",0,,39000
17,4,1,16150,0,0,,,0,2,0,0,"NLS97_2369",0,,0
17,4,2,60000,0,32000,80000,80640,0,5,0,0,"NLS97_2378",0,,112000
15,4,1,60000,0,0,,,0,3,0,0,"NLS97_2379",0,,0
21,4,1,30387.5,0,0,,,0,2,0,0,"NLS97_2526",0,,0
15,4,1,16405,0,41500,,31143.75,0,2,0,0,"NLS97_2537",0,,41500
15,4,1,,0,27000,25000,39000,0,4,0,0,"NLS97_258",0,,52000
15,4,1,,0,15000,9000,20400,0,2,0,0,"NLS97_2589",0,,24000
17,4,1,11135,0,,,,0,2,0,0,"NLS97_2714",0,,
14,1,2,4.5,1,3000,,5952.6,0,2,0,1,"NLS97_2723",0,,3000
16,4,2,,0,0,,,0,2,0,0,"NLS97_2726",0,,0
21,4,2,,0,,,5625,0,2,0,0,"NLS97_2729",0,,
20,2,1,,0,0,,,0,0,0,0,"NLS97_275",0,,0
20,4,1,17510,0,50000,25000,66096,0,2,0,0,"NLS97_2753",0,,75000
21,4,2,17255,0,,,7752,0,0,0,0,"NLS97_2760",0,,
22,1,2,29625,0,20000,,17000,0,2,0,0,"NLS97_2824",0,,20000
20,4,2,,0,0,,,0,2,0,1,"NLS97_2853",0,,0
19,4,1,58050,0,41000,40000,60750,0,1,0,0,"NLS97_2854",0,,81000
19,4,1,2700,0,,25000,21250,0,0,0,1,"NLS97_2860",0,,25000
17,4,2,,0,,20000,17000,0,0,0,1,"NLS97_2861",0,,20000
18,4,1,,0,0,,,0,2,0,0,"NLS97_2893",0,,0
19,4,1,30750,0,55000,,44818.5,0,2,0,0,"NLS97_3032",0,,55000
18,4,1,30750,0,22000,10000,27200,0,0,0,1,"NLS97_3033",0,,32000
17,4,2,,0,,,56250,0,3,0,0,"NLS97_3144",0,,
14,4,2,29750,0,5000,,30175,0,2,0,0,"NLS97_3151",0,,5000
18,2,1,61500,0,28000,,,0,2,0,0,"NLS97_3219",0,,28000
19,4,1,7650,0,,16000,13600,0,1,0,0,"NLS97_3289",0,,16000
18,1,1,12155,0,20000,20000,30000,0,1,0,0,"NLS97_3384",0,,40000
15,1,1,12155,0,,,0,1,1,0,1,"NLS97_3385",0,,
17,4,1,,0,47000,,88020,0,4,0,0,"NLS97_35",0,,47000
16,4,1,31687.5,0,0,25000,64800,0,2,0,0,"NLS97_350",0,,25000
19,4,1,66960,0,0,,,0,4,0,0,"NLS97_3610",0,,0
13,1,1,14875,0,0,,,0,1,0,0,"NLS97_3676",0,,0
18,1,1,24310,0,,,0,1,2,0,1,"NLS97_3746",0,,
18,1,1,12267.2,0,12000,,10200,0,1,0,0,"NLS97_3749",0,,12000
20,2,1,1800,0,,,,0,1,0,0,"NLS97_3811",0,,
20,1,2,28875,0,29000,32000,48450,0,4,0,0,"NLS97_3865",0,,61000
19,2,2,10200,0,5000,,,0,2,1,0,"NLS97_3891",0,,5000
19,4,2,14875,0,0,,,0,1,0,0,"NLS97_3909",0,,0
14,2,1,,0,20000,,17000,0,3,0,0,"NLS97_393",0,,20000
19,4,2,34500,0,25000,,46875,0,2,0,0,"NLS97_3943",0,,25000
18,4,1,34500,0,40000,22000,47253.75,0,4,0,0,"NLS97_3944",0,,62000
15,4,1,28815,0,12000,,17125.8,0,2,0,1,"NLS97_3995",0,,12000
14,4,1,28815,0,8000,,7200,0,0,0,0,"NLS97_3996",0,,8000
20,4,1,30600,0,28000,,,0,2,0,1,"NLS97_4001",0,,28000
17,4,1,,0,20000,,17000,0,2,0,1,"NLS97_4033",0,,20000
22,4,1,0,1,0,,,0,1,0,1,"NLS97_4043",0,,0
18,4,2,,0,37000,,65250,0,3,1,0,"NLS97_4074",0,,37000
18,2,2,,0,32000,19000,82080,0,0,1,0,"NLS97_4115",0,,51000
17,4,2,64150.5,0,20800,33000,40500,0,2,0,0,"NLS97_4140",0,,53800
20,1,2,,0,12000,,25075,0,3,1,0,"NLS97_4185",0,,12000
16,4,1,29767,0,15000,,33750,0,2,0,0,"NLS97_4199",0,,15000
16,1,1,5400,0,0,,,0,0,0,0,"NLS97_4221",0,,0
18,4,2,,0,0,,,0,1,0,0,"NLS97_4255",0,,0
21,4,2,105048,0,25000,26000,38250,0,2,0,0,"NLS97_4290",0,,51000
18,2,2,0,1,,,,0,0,1,0,"NLS97_4303",0,,
20,2,2,7268.4,0,,,0,1,2,0,0,"NLS97_4309",0,,
17,2,1,7268.4,0,,,0,1,0,0,1,"NLS97_4310",0,,
21,4,1,,0,86000,75000,115920,0,4,0,0,"NLS97_4446",0,,161000
18,4,1,67032,0,50000,,37500,0,3,0,0,"NLS97_4451",0,,50000
13,2,1,29750,0,,,0,1,2,1,0,"NLS97_4500",0,,
13,1,1,,0,,,0,1,1,0,0,"NLS97_46",0,,
16,4,2,12664.15,0,22000,30000,40125,0,2,0,0,"NLS97_4607",0,,52000
21,4,1,,0,38000,,58500,0,2,0,0,"NLS97_4640",0,,38000
20,4,2,32625,0,8556,,7700.4,0,1,0,0,"NLS97_4655",0,,8556
16,4,2,,0,,,41325,0,2,0,0,"NLS97_4664",0,,
21,2,2,30825,0,0,,0,1,2,0,0,"NLS97_4678",0,,0
19,4,2,72804.96,0,63767,50434,82249.92,0,5,0,0,"NLS97_4719",0,,114201
15,2,2,6750,0,44000,43000,65250,0,3,1,0,"NLS97_4783",0,,87000
15,4,2,25500,0,0,,,0,2,0,0,"NLS97_4933",0,,0
18,4,1,30030,0,,,11900,0,2,0,1,"NLS97_4953",0,,
17,4,1,30030,0,8000,8000,7200,0,2,0,1,"NLS97_4954",0,,16000
20,2,1,,0,25000,,21250,0,2,0,0,"NLS97_5161",0,,25000
15,4,2,,0,,,33750,0,2,0,0,"NLS97_5256",0,,
21,4,1,21760,0,,,21462.5,0,2,0,0,"NLS97_5368",0,,
18,4,1,30900,0,45000,30000,59250,0,1,0,0,"NLS97_5374",0,,75000
19,4,2,37659.75,0,0,,,0,4,0,0,"NLS97_5412",0,,0
17,1,1,26775,0,75000,20000,69819.12,0,2,0,0,"NLS97_5607",0,,95000
20,4,1,26598.2,0,,,,0,2,0,0,"NLS97_5630",0,,
17,4,1,43800,0,95000,25000,93600,0,4,0,0,"NLS97_5654",0,,120000
17,4,2,3672,0,1800,22000,20230,0,2,0,0,"NLS97_5683",0,,23800
20,4,1,6447.6,0,,26000,49500,0,2,0,0,"NLS97_5721",0,,26000
16,4,1,56550,0,30000,,25500,0,2,0,0,"NLS97_578",0,,30000
16,1,1,38580,0,50000,20000,53130.75,0,2,0,0,"NLS97_5806",0,,70000
21,1,2,,0,,40000,30000,0,3,0,0,"NLS97_5810",0,,40000
18,1,2,4615.2,0,23000,,19550,0,3,0,0,"NLS97_5826",0,,23000
19,1,2,4950,0,2600,,2790,0,1,0,0,"NLS97_5845",0,,2600
17,1,2,4626,0,,,8500,0,2,0,0,"NLS97_5853",0,,
15,1,2,4626,0,,,,0,7,0,0,"NLS97_5854",0,,
16,1,2,4626,0,24000,,48000,0,4,0,0,"NLS97_5855",0,,24000
18,1,2,11832,0,,,12750,0,2,0,0,"NLS97_5864",0,,
19,4,2,15686.75,0,23000,35000,50331,0,0,0,0,"NLS97_5875",0,,58000
14,1,1,12750,0,30000,,25500,0,2,0,0,"NLS97_5931",0,,30000
17,4,2,33013.5,0,0,,,0,4,0,0,"NLS97_5973",0,,0
17,4,2,33013.5,0,35000,45000,60000,0,5,0,0,"NLS97_5974",0,,80000
20,4,1,46500,0,60000,,45000,0,3,0,0,"NLS97_6000",0,,60000
15,4,1,41161.5,0,12500,,65625,0,3,0,0,"NLS97_6002",0,,12500
13,2,1,41161.5,0,105000,,75600,0,4,0,0,"NLS97_6003",0,,105000
19,2,2,,0,,45000,33750,0,1,0,0,"NLS97_601",0,,45000
16,1,2,34500,0,,,37312.5,0,5,0,0,"NLS97_6014",0,,
18,2,2,,0,,,0,1,0,0,0,"NLS97_602",0,,
21,4,1,6199.2,0,,,9350,0,2,0,0,"NLS97_6025",0,,
16,4,2,9483.45,0,0,,,0,0,0,1,"NLS97_607",0,,0
20,1,1,5445,0,9000,,,0,2,0,1,"NLS97_6165",0,,9000
19,1,2,5445,0,,,14875,0,1,0,0,"NLS97_6166",0,,
19,4,2,5445,0,,,0,1,0,0,1,"NLS97_6167",0,,
17,4,2,41062.5,0,0,,,0,4,0,0,"NLS97_6249",0,,0
18,4,2,32812.5,0,18000,22000,30000,0,2,1,0,"NLS97_6281",0,,40000
17,4,1,59250,0,48000,,36000,0,2,0,0,"NLS97_6311",0,,48000
18,4,1,29342,0,,,,0,5,0,0,"NLS97_6438",0,,
15,4,1,29342,0,25000,,21262.75,0,4,0,0,"NLS97_6439",0,,25000
17,4,2,25160,0,26000,32000,43500,0,3,0,0,"NLS97_6467",0,,58000
21,4,2,6480,0,,,,0,2,0,0,"NLS97_6474",0,,
20,4,2,,0,56000,35000,65520,0,5,0,0,"NLS97_6490",0,,91000
17,4,1,30562.5,0,,,0,1,1,0,1,"NLS97_6531",0,,
21,4,2,31875,0,38000,55000,67140,0,2,0,0,"NLS97_6542",0,,93000
22,4,1,18371.05,0,180331,,88920,0,5,1,0,"NLS97_6565",0,,180331
17,1,2,1350,0,0,,,0,1,0,0,"NLS97_6574",0,,0
17,1,1,20104.2,0,7000,10000,19774.4,0,1,0,1,"NLS97_6576",0,,17000
17,2,1,,0,0,,,0,2,0,1,"NLS97_6602",0,,0
20,2,2,,0,0,,,0,0,0,0,"NLS97_6678",0,,0
17,2,2,,0,,,0,1,2,0,0,"NLS97_6776",0,,
15,2,2,,0,,,6326.1,0,0,0,0,"NLS97_6777",0,,
14,2,1,,0,0,,,0,2,0,0,"NLS97_6778",0,,0
20,1,1,17425,0,,,0,1,2,0,1,"NLS97_6872",0,,
17,1,2,14195,0,22000,,73440,0,4,0,0,"NLS97_6964",0,,22000
18,2,1,,0,0,,,0,1,0,0,"NLS97_6993",0,,0
17,2,1,17994.5,0,,25000,21250,0,2,0,0,"NLS97_7019",0,,25000
16,1,1,,0,,,,0,1,0,0,"NLS97_7047",0,,
19,2,2,28875,0,,76000,57000,0,3,0,0,"NLS97_7064",0,,76000
19,2,2,6141.6,0,20000,13000,28050,0,2,0,0,"NLS97_709",0,,33000
17,1,1,675,0,0,,,0,1,0,1,"NLS97_7119",0,,0
18,1,1,86760,0,44000,,33000,0,4,1,0,"NLS97_7186",0,,44000
19,1,1,8245,0,0,,,0,0,0,1,"NLS97_7231",0,,0
18,1,2,8245,0,,,0,1,1,0,0,"NLS97_7232",0,,
18,1,1,61875,0,30000,,45000,0,4,0,0,"NLS97_7292",0,,30000
22,1,1,,0,40000,20000,45900,0,2,0,0,"NLS97_7376",0,,60000
20,1,1,,0,5000,35000,30000,0,1,0,1,"NLS97_7377",0,,40000
17,1,2,,0,1000,,3150,0,2,0,0,"NLS97_7378",0,,1000
22,2,1,14620,0,23000,,19550,0,2,0,0,"NLS97_7461",0,,23000
19,2,1,14620,0,,,0,1,1,0,0,"NLS97_7462",0,,
17,2,1,15300,0,0,,,0,0,0,0,"NLS97_7542",0,,0
14,2,1,6300,0,20000,,52500,0,2,0,0,"NLS97_7544",0,,20000
16,2,1,,0,,25000,100800,0,2,0,0,"NLS97_7554",0,,25000
21,2,1,630.9,0,45000,35000,64310.4,0,0,0,0,"NLS97_7596",0,,80000
19,2,1,630.9,0,35000,40000,56250,0,2,0,0,"NLS97_7597",0,,75000
17,1,1,11857.5,0,0,,,0,2,0,0,"NLS97_7615",0,,0
22,1,2,,0,,,0,1,1,0,0,"NLS97_7618",0,,
15,1,2,,0,,,0,1,2,0,0,"NLS97_7619",0,,
22,1,2,,0,0,,,0,5,0,0,"NLS97_7626",0,,0
20,1,1,,0,0,,,0,1,0,1,"NLS97_7627",0,,0
18,1,2,,0,42000,,102240,0,4,0,0,"NLS97_7628",0,,42000
16,1,1,10200,0,5000,,4500,0,1,0,0,"NLS97_7629",0,,5000
16,1,1,10200,0,,,630,0,1,0,0,"NLS97_7630",0,,
21,2,2,30033.75,0,31000,,28275,0,3,0,0,"NLS97_7634",0,,31000
17,1,2,3042,0,,,10200,0,2,1,0,"NLS97_7668",0,,
20,2,2,,0,60000,32000,66240,0,3,0,0,"NLS97_7683",0,,92000
17,1,2,,0,,,14875,0,1,0,0,"NLS97_7698",0,,
17,2,1,,0,,,154100,0,4,0,0,"NLS97_7703",0,,
18,1,1,8142.15,0,25000,,56250,0,2,0,0,"NLS97_7721",0,,25000
15,1,2,9312.6,0,15000,,12750,0,3,0,0,"NLS97_7724",0,,15000
16,1,2,17348.5,0,12000,,29625,0,2,0,0,"NLS97_7740",0,,12000
18,1,1,,0,10000,15000,21250,0,1,0,0,"NLS97_7744",0,,25000
21,1,1,23800,0,62000,,53865,0,2,0,0,"NLS97_7849",0,,62000
17,1,2,20400,0,15000,,12750,0,2,0,0,"NLS97_7858",0,,15000
15,1,1,20400,0,,,17000,0,0,0,1,"NLS97_7859",0,,
21,1,1,19125,0,,,0,1,0,0,1,"NLS97_7881",0,,
16,1,2,6750,0,,16000,13600,0,0,0,0,"NLS97_7909",0,,16000
20,1,1,60750,0,25000,,72000,0,3,0,0,"NLS97_7943",0,,25000
18,1,1,60750,0,22000,,18700,0,2,0,0,"NLS97_7944",0,,22000
17,4,2,57075,0,45000,,50400,0,4,0,0,"NLS97_797",0,,45000
20,2,2,36750,0,15000,,,0,2,0,0,"NLS97_7977",0,,15000
21,1,2,2043,0,,,45000,0,2,0,0,"NLS97_7978",0,,
20,4,2,,0,0,,,0,5,0,0,"NLS97_8",0,,0
13,1,2,17884,0,,38000,28500,0,3,0,0,"NLS97_8006",0,,38000
20,1,2,12022.4,0,18000,,15980,0,2,0,0,"NLS97_8018",0,,18000
19,1,2,12022.4,0,,,6156,0,2,0,0,"NLS97_8019",0,,
16,1,1,30750,0,,,6300,0,2,0,0,"NLS97_8040",0,,
20,1,2,,0,19000,,16150,0,1,0,0,"NLS97_8064",0,,19000
20,2,2,7020,0,,,33750,0,3,0,0,"NLS97_8091",0,,
21,1,2,,0,,,0,1,2,0,1,"NLS97_8120",0,,
17,1,2,28716,0,,,,0,2,0,0,"NLS97_8123",0,,
19,1,1,,0,6000,,5400,0,1,0,1,"NLS97_8126",0,,6000
21,2,2,15323.8,0,53000,35000,,0,4,0,0,"NLS97_8131",0,,88000
19,2,1,3600,0,0,,,0,1,0,0,"NLS97_8174",0,,0
16,2,2,,0,0,,,0,0,0,0,"NLS97_8212",0,,0
13,1,2,,0,28000,,25287.5,0,2,1,0,"NLS97_8218",0,,28000
16,1,1,14875,0,0,,,0,2,0,0,"NLS97_8221",0,,0
20,1,2,17425,0,52000,,,0,4,0,0,"NLS97_8226",0,,52000
16,1,1,1724.4,0,,,,0,0,0,0,"NLS97_8291",0,,
20,1,1,32625,0,32000,37000,51750,0,2,0,0,"NLS97_8338",0,,69000
20,1,1,32625,0,45726,32500,58669.5,0,2,0,0,"NLS97_8339",0,,78226
17,2,2,5518.8,0,,,14875,0,0,0,0,"NLS97_8378",0,,
17,2,2,1276.2,0,32000,,27200,0,1,0,0,"NLS97_8382",0,,32000
18,1,2,7344,0,,,,0,4,0,0,"NLS97_8396",0,,
17,1,2,7344,0,,,2250,0,2,0,0,"NLS97_8397",0,,
16,1,1,7344,0,,,49152,0,2,1,0,"NLS97_8398",0,,
18,1,2,162,1,50,,45,1,2,1,1,"NLS97_8411",0,,50
17,1,1,,0,0,,,0,1,0,1,"NLS97_8436",0,,0
16,1,1,17174.25,0,,,,0,2,0,0,"NLS97_8462",0,,
16,1,1,229.5,0,0,,,0,2,0,0,"NLS97_8504",0,,0
20,1,1,55312.5,0,0,,,0,2,0,0,"NLS97_8519",0,,0
15,2,2,7802.15,0,35000,35000,52500,0,4,0,0,"NLS97_8549",0,,70000
18,2,2,,0,13000,,15775.15,0,2,0,0,"NLS97_8582",0,,13000
17,2,2,,0,2000,10000,10200,0,2,0,0,"NLS97_8583",0,,12000
15,2,2,,0,20000,12000,32427.75,0,2,0,0,"NLS97_8584",0,,32000
21,2,1,8075,0,25000,27000,39000,0,2,0,0,"NLS97_8623",0,,52000
14,1,2,10370,0,,,0,1,2,0,0,"NLS97_8775",0,,
17,2,1,7905,0,0,,,0,2,0,0,"NLS97_8807",0,,0
20,1,1,8695.5,0,45000,35000,60000,0,2,0,1,"NLS97_8839",0,,80000
18,4,1,,0,50000,30000,60000,0,1,0,1,"NLS97_8854",0,,80000
14,4,1,28050,0,13000,,13435.95,0,4,0,0,"NLS97_8893",0,,13000
20,1,1,33525,0,,8000,7200,0,2,0,0,"NLS97_8895",0,,8000
20,4,2,16575,0,,,6750,0,0,0,0,"NLS97_8927",0,,
16,1,2,28950,0,5000,,4500,0,2,0,0,"NLS97_8929",0,,5000
21,2,2,16235,0,,,,0,0,0,0,"NLS97_8969",0,,
18,1,2,13260,0,,,9350,0,1,0,1,"NLS97_8988",0,,
17,1,2,13260,0,10000,,8500,0,0,0,1,"NLS97_8989",0,,10000
19,4,1,,0,54000,95000,125280,0,5,0,0,"NLS97_9",0,,149000
19,4,1,30300,0,105,70000,70275.6,0,5,0,0,"NLS97_9009",0,,70105
18,4,2,1845,0,,,8500,0,2,0,0,"NLS97_908",0,,
21,4,2,92880,0,48000,,,0,4,0,0,"NLS97_949",0,,48000
17,4,2,92880,0,0,,,0,4,0,0,"NLS97_950",0,,0
14,4,1,33763.5,0,45000,,34575,0,4,0,0,"NLS97_956",0,,45000
16,4,1,117324,0,45000,,33750,0,2,0,0,"NLS97_957",0,,45000
